LJ - KING AIR 90 SERIES, ,,,
Valid for Models LA  LJ  LL  LM  LS  LT  LU  LW, ,,,
4 mains repl'd same day  6 hrs Max per Tech suppt. mm, ,,,
4 mains repl'd same day  6 hrs Max, ,,,
Includes required static test, ,,,
Changed 8/28/08 DW, ,,,
was 3.0  change per hector C. 11/15/06., ,,,
Troubleshooting to locate may be extensive., ,,,
Chgd 6-29-4 per Tech Support HC/mm, ,,,
wl-tm 10/23/07, ,,,
ask tech support location, ,,,
rc 2/16/06, ,,,
4 hrs for later model LJs.  Earlier LJs less time, ,,,
SEE TECH SUPPORT, ,,,
Change per HC 2/21/07, ,,,
Change per HC 2/21/07, ,,,
1.5 per RG 7-21-04, ,,,
aft(2.0)---forward (6.0), ,,,
time to bleed brake is included, ,,,
includes static test time, ,,,
6hrs total=2hrs r&amp;r 4hrs for pitot/static test, ,,,
wl 5/17/07, ,,,
reset -3 and -601, ,,,
Includes static system check, ,,,
01-0770024-25, ,,,
Includes both proline &amp; non-proline a/c, ,,,
Includes both proline &amp; non-proline a/c, ,,,
Includes both proline &amp; non-proline a/c, ,,,
Includes both proline &amp; non-proline a/c, ,,,
**To be claimed at initial 200 phase inspect only** For additional items, ,,,
rod clark 10/20/08, ,,,
Includes both proline &amp; non-proline a/c, ,,,
Includes both proline &amp; non-proline a/c, ,,,
was 4.0  changed by Rod C. 8/23/07, ,,,
FAR 91.411 &amp; 91.413, ,,,
Flat Rate to R&amp;R  Allow O/S invoice  for test., ,,,
Initially done@200hrs then every 1 200hrs or1 000 landingcycles mw, ,,,
Flat Rate to R&amp;R  Allow O/S invoice  for test., ,,,
Flat Rate to R&amp;R  Allow O/S invoice  for test., ,,,
4 hrs for both sides.  (2 hrs for each side)., ,,,
see rod clark  tech support for hr approval., ,,,
Includes both proline &amp; non-proline a/c, ,,,
1.0 hrs per side=2.0 hrs for both lh/rh, ,,,
allow for tbs per narrative &amp; a/c, ,,,
changed 11/6/06, ,,,
check with dave r. 6/26/07, ,,,
31-3376-3,* LENS ASSY,1,,
PC900-6A0600PH1,*2 FUEL FLOW INDICATOR,1,,
CCA-4850,1/8 PIPE DRAIN VALVE INSTALLATION,1,,
LJ052130,2 YR ALT/TRANSPONDER ADC INSP,10,,
A-7512-24,28 VOLT LIGHT LIGHT,0.5,,
90-21-344-0711,650X10 6PTL RIB120,1,,
50-810318-5,ABSORBER ASSEM-MAIN     LANDING GEAR,7,,
101-530346-71,ACCESS PANEL ASSEMBLY,1,,
101-388009-5,ACCUMULATOR *RA-N,6,,
106-384001-5,ACTUATOR,2,,
106-384001-6,ACTUATOR,2,,
112-380022-21,ACTUATOR,3,,
114-389039-5,ACTUATOR,3.5,,
58-380080-3,ACTUATOR,2,,
NYLC9871,ACTUATOR,2,,
33-524023-79,ACTUATOR ASSEM,6,,
50-524161-606,ACTUATOR ASSEM,10,,
50-524161-607,ACTUATOR ASSEM,10,,
50-524161-10,ACTUATOR ASSEM -        ELEVATOR TAB,8,,
50-524161-11,ACTUATOR ASSEM -        ELEVATOR TAB,8,,
90-521024-6002,ACTUATOR ASSEM FLAP OUTBD(SEE MD04NOTES),4,,
50-810164-18,ACTUATOR ASSEM MAI,4,,
114-389039-9,ACTUATOR ASSEMBLY,3,,
33-524023-6077,ACTUATOR ASSEMBLY,15,,
50-521222-3,ACTUATOR ASSEMBLY,3,,
129-521050-2,ACTUATOR ASSEMBLY - FLAP  INBOARD,2,,
129-521050-6002,ACTUATOR ASSEMBLY - FLAP  INBOARD,5,,
129-521051-6001,ACTUATOR ASSEMBLY - FLAP  INBOARD L/H,1,,
129-521051-6002,ACTUATOR ASSEMBLY - FLAP  INBOARD R/H,2,,
129-521050-6001,ACTUATOR ASSEMBLY  INBOARD FLAP,5,,
50-820208-5,ACTUATOR ASSEMBLY-NOS,6,,
99-810057-651,ACTUATOR ASSEM-MAI      LANDING GEAR,5,,
99-810057-652,ACTUATOR ASSEM-MAIN LANDING GEAR,5,,
106-384001-15,ACTUATOR ASSY,2,,
90-388000-5,ACTUATOR ASSY - HYDRAULIC  MLG,8,,
130-524052-17,ACTUATOR ASSY - LH,5,,
112-380022-9,ACTUATOR CYLINDER-NOSE,6,,
JV-5,ACTUATOR SWITCH,2,,
90-520110-6611,ACTUATOR-ELECTIC TRIM TAB ASSEMBLY,8,,
NYLC50427,ACTUATOR-ELECTRO-MECHANICAL,3.5,,
3106347-01,ADAPTER,1,,
97-910024-28,ADAPTER ASSEMBLY - BLEED AIR,2,,
50-921604-26,ADAPTER ASSEMBLY - FUEL SYSTEM,2,,
50-921604-25,ADAPTER ASSEM-FUEL SYSTEM,1.5,,
AD32.32.53F.28.1RA,ADDU,0.5,,
43-1-13-0,ADJUSTABLE GRIP LATCH MIDGET SIZE,3,,
101-440042-3,AFT CABIN WINDOW,8,,
99-130000-619,AILERON ASSEMBLY - LH,8,,
99-130000-622,AILERON ASSEMBLY -RH,8,,
99-130000-605,AILERON ASSEMBLY-LH,1,,
EBG03-0003,AIR CLEANER,1.5,,
9D-80130-31,AIR DATA DISPLAY UNIT,5,,
3055-03,AIR OUTLET VALVE,0.5,,
2515,AIR VENT,1,,
962830A-3,AIRDATA COMPUTER ADC-2000 FUEL,4,,
90-380028-9,AIRSPEED INDICATOR,6,,
90-380028-3,AIRSPEED INDICATOR - MAX ALLOWABLE,2,,
519-28704-D4001,ALTIMETER,3,,
58-380069-3,ALTIMETER,2,,
5506-S,ALTIMETER ENCODING,4,,
50-380046-21,ALTITUDE & DIFFERENTIAL PRESSURE IND,2,,
45100D4010,ALTITUDE ALERT,2,,
10379-11-01,ALTITUDE ALERTER,2,,
101-8027-5,ALUM NOSE WHEEL,2,,
240 AMPLIFIER,AMPLIFIER,1,,
LJ052505,ANNUAL CHECK OF OXYGEN SYSTEM,2,,
LJ052151,ANNUAL/100 HOUR PROP INSPECTION,4,,
476-726-0848-001,ANNUNCIATOR,3,,
99-230-6B1-27439,ANNUNCIATOR,1,,
99-230-6B1-27440,ANNUNCIATOR,1,,
99-230-6H1-3996,ANNUNCIATOR ASSY,1,,
101-384080-1,ANNUNCIATOR BOX ASSEM 36 CHANNEL LOWER,8,,
110-320,ANTENNA  406 ROD,1,,
071-01550-0101,ANTENNA  RECEIVER TRANSMITTER (ART 2100),4,,
16390,ANTENNA LEAD THRU,2,,
90033-4,ANTI COLLISION LIGHT ASSY,2,,
68-4270140-50,ANTI-COL LENS TOP,0.5,,
01-0790033-04,ANTI-COLLISION LIGHT ASSEM.,2,,
5188-00-1,ANTI-ICE SHUT-OFF VALVE,5,,
932810-00,ARINC 729-DC CONVERTER,1,,
50-810039-10,ARM - LANDING GEAR DRAG BRACE UPPER,2,,
50-810040-4,ARM ASSEM,2.5,,
99-384026-1,ARM ASSEM,1.5,,
50-810142-10,ARM ASSEM-MAIN LDG      DOOR,0.5,,
50-810039-8,ARM ASSY - LANDING GEAR DRAG BRACE UPPER,2.5,,
23048-1031,ARMATURE,1,,
2020-1,ASH TRAY SILVER,0.4,,
50-384203-3,ATTITUDE GYRO,1.5,,
DB240,AUDIO AMP,1.5,,
438,AUDIO AMPLIFIER,1.5,,
438-003,AUDIO AMPLIFIER,2,,
DB438,AUDIO AMPLIFIER,2,,
700-006,AUDIO AMPLIIFIER,2,,
600-001,AURAL WARN TONE GENERATOR,1,,
630-004,AURAL WARNING GENERATOR,2,,
90-810011-2,B.D. DOOR MAIN LDG GEAR,4,,
80691CF-1216,BARREL NUT  SELF-LOCKING,1,,
50-820007-3,BARREL-NOSE GEAR SHIMMY DAMPER,3,,
101-389026-3,BARRIER ASSY,1,,
C452,BATA RING,14,,
G-6381E,BATTERY     *RA,1,,
101-381008-7,BATTERY  36AH Saft  Model # 4057  *RA,1.5,,
452-0133,BATTERY  ELT *RA,1,,
RG380E/44K,BATTERY (USE RG-380E/44K)  *RA,1,,
RG-380E/44,BATTERY *RA-N,1,,
RG-380E/60K,BATTERY L-A - 48 AMP HOUR *RA-N,1,,
RG-380E/44K,BATTERY VRSLA 24 VOLT  *RA,1,,
G7740A7-24,BEACON,1,,
(D)40-0103-31,BEACON  RED,1,,
90033-17,BEACON ASSEM,1,,
19268,BEARING - CUP,0.5,,
19150,BEARING  TAPERED ROLLER,1,,
CA 8800/F17865,BEECH WHITE PAINT*RA,0.01,,
50-524401-9,BELLCRANK ASSEM EL,6,,
50-524401-6611,BELLCRANK ASSEMBLY-ELEVATOR,1,,
50-524465-1,BELLCRANK ASSEM-RH RUD  PEDAL,4,,
100-384112-1,BELT DRIVE PKG AS MATCH SET VPN8137-0356,2,,
VO-4017,BIRCH LEATHER,0.01,,
A8970B-2-327,BLACK POST LIGHT,0.5,,
101-531029-73,BLADE ASSY - PARTITON,2,,
101-910150-61,BLEED AIR - WELD ASSEMBLY - ENGINE,0.5,,
90-530110-53,BLOCK ASSEM - TOILET    INSTL FWD FACING,1,,
A3026,BLOCK UNIT,1,,
TBL-2.5,BLOWER,2.5,,
101-384004-13,BLOWER ASSEMBLY,3,,
98-0907-1,BLOWER ASSEMBLY,6,,
90-384031-1,BLOWER ASSEMBLY VENTILATING,5,,
90-820011-5,BOLT,1,,
B3339-1,BOLT,0.01,,
130909B175,BOLT  MACHINE  MAG INSPECTED,1,,
81786-10-18,BOLT  TENSION  INTERNAL WRENCHING,1,,
50-820106,BOLT-NOSE GEAR STE      LINK,4,,
101-120076-601,BOND ASSEMBLY,2,,
109-910033-3,BOND ASSEMBLY-AIR VANE ASSEMBLY BYPASS,6,,
109-910032-19,BOND ASSY-AIR VANE INLET COWL ASSY,5,,
MS25083-5BB4,BONDING JUMPER,0.5,,
101-120071-41,BOOT ASSEM-MOISTURE SEALWHEEL WELL,1,,
B40245-56,BOOT DEICE,2,,
4E2200-10,BOOT DEICE 2LD HOT,2.5,,
4E2271-10,BOOT PROP DEICE,2.5,,
101-384145-1,BOX ASSEMBLY,4,,
50-810250-1,BRACE - BRACE ASSEMBLY,2,,
50-810250-3,BRACE - BRACE ASSEMBLY -TOP LANDING GEAR,7,,
101-820024-5,BRACE ASSEMBLY,10,,
99-810028-15,BRACE ASSEMBLY-MAIN GEAR-STD,6,,
50-610000-495,BRACKET ASSEMBLY-ELEV HINGE-WELD ASSEM,3,,
100-524196-1,BRAKE ASSEMBLY-FRICTION ENGINE CONTROLAL,4,,
90-380038-1,BRAKE ASSEMBLY-NON-ASBESTOS,2.5,,
50-300010-119,BRAKE ASSY B F GOODRICH,2,,
115-8001-3,BRAKE ASSY B F GOODRICH USED ON,4,,
489-59,BRAKE CONVERSION KIT,4,,
164-20900,BRAKE DISC,3,,
90-380001-23,BRAKE MASTER CYLINDER,3,,
SM50D7,BRAKE RELAY,2,,
4500S-A1,BRAKE VALVE,3,,
50-810061-13,BRAZE ASSEMBLY-LDG GR DOOR ACT TUBE ASSY,4,,
50-810061-12,BRAZE ASSEM-LDG GR DOOR ACT TUBE ASSEM,4,,
50-384082-1,BRIDGE & BLADE ASSEMBLY,0.5,,
50-440031-601,BRNG ASSEM-ELEV BELLCRANK DRAG S,4,,
50-524541-9,BRNG-PEDESTAL           ASSEM,0.5,,
3E2011-3,BRUSH,0.5,,
C40257,BRUSH BLOCK ASSY,2,,
3E2011-2,BRUSH MODULE ASSEMBLY,0.5,,
1982SP,BULB,0.5,,
327,BULB,0.5,,
A-7079-B24,BULB,0.5,,
A508-28V,BULB  28V,1,,
34-0226010-91,BULB 28V 150 WATT,1,,
MS3119E24-61,BULKHEAD RECEPTACLE,6,,
50-440014-423,BUMPER DOOR FRAME,0.5,,
3028297,BUS BAR,10,,
90-361023-23,BUS BAR ASSEM CURRENT SENSOR,1,,
90-361023-623,BUS BAR ASSEMBLY,1,,
90-361023-25,BUS BAR ASSEMMBLY CURRENT SENSOR,1,,
3028298,BUSBAR,10,,
90-820013-1,BUSHING NOSE GEAR,1,,
90-524024-1,BUSHING-ACTUATOR I      ELEV TRIM TAB,2,,
90-610010-5,BUSHING-HORN ASSEM ELEVATOR,2,,
90-000007-613,C90A-PLASTIC RADIO PANEL,6,,
HYLZ50336-1,CABIN CONTROL TEMP,4,,
50-380026-1,CABIN TEMP INDICATOR,1,,
90-380047-1,CABINET ASSY,2.5,,
90-384047-5,CABINET ASSY(Acft S/N or Color Req/Mfg),2.5,,
3119832-01,CABLE,2.5,,
101-384172-21,CABLE AND TENSION REGULATOR,4,,
50-521202,CABLE ASSEM,7,,
1440-20,CABLE ASSEMBLY,1,,
822-1631-003,CABLE ASSEMBLY,0.01,,
50-524148-17,CABLE ASSEMBLY - ELEVATOR TAB AFT,1,,
101-364386-3,CABLE ASSEMBLY SWITCH CABIN DOOR,6,,
106-524051-15,CABLE ASSEMBLY-RUDDER RH,7,,
101-430120-1,CABLE ASSEMBLY-STEP ASSEM-MAIN ACCESS DR,2,,
1440-19,CABLE ASSY,0.5,,
3029443,CABLE ASSY,2,,
101-430120-650,CABLE SPRING ASSEMBLY-B.D.,1.5,,
115-810038,CAM ASSEM,4.5,,
96-380035-1,CAP ASSEMBLY - FUEL TANK FILLER,0.4,,
109-388002-1,CAP ASSY,1,,
101-380051-1,CAPILLARY LINE-OXYGEN GAGE;CHECK VALVE,1,,
A-3044,CARBON BLOCK ASSEMBLY,1,,
90-530292-7,CARPET ASSEMBLY,1,,
101-8001-243,CARRIER & LINING ASSEMBLY,2,,
244-668,CARRIER/LINING BRK,3,,
109-910037-1,CASTING-DRIVE PIN-AIR VANE  AFT,2,,
AR170-3,CATCH CABINET,0.5,,
50-430043-1327,CHAIN ASSEMBLY,1,,
109-910053-16,CHANNEL-FRAME ASSEMBLY CANT STAT 51.79,8,,
109-910045-27,CHANNEL-FRAME-CANT. STA 39.26,2,,
101-389011-37,CHECK VALVE,4,,
101-389011-65,CHECK VALVE,2,,
50-380170-1,CHECK VALVE,1,,
50-380170-11,CHECK VALVE,2,,
50-380170-27,CHECK VALVE,1.5,,
101-384138-1,CHIME,3,,
3019373,CHIP DETEC,1,,
3029199,CHIP DETECTOR,0.5,,
3030364,CHIP DETECTOR,0.5,,
3045950-01,CHIP DETECTOR,2,,
3045951-02,CHIP DETECTOR,2,,
35-364160-5,CIGARETTE LIGHTER ASSEMBLY,2,,
160-012-60,CIRCUIT BREAKER,2,,
35-380132-69,CIRCUIT BREAKER,1,,
5/10/7270,CIRCUIT BREAKER,1,,
5/15/7270,CIRCUIT BREAKER,1,,
7270-5-7 1/2,CIRCUIT BREAKER,1,,
2/10/7277,CIRCUIT BREAKER,1,,
2/3/7277,CIRCUIT BREAKER,1.5,,
2/5/7277,CIRCUIT BREAKER,2,,
35-380132-73,CIRCUIT BREAKER SWITCH,1,,
109-364083-1,CIRCUIT CARD ASSEMB GEN  BUS TIE CONTROL,1,,
109-364054-3,CIRCUIT CARD ASSEMBLY,1,,
100-364371-1,CIRCUIT CARD ASSEMBLY MOTOR CONT-AIR C,1,,
109-364081-1,CIRCUIT CARD ASSEMBLY-START CONTROL,2,,
100-364371-7,CIRCUIT CARD ASSY-AIR CONDITIONER RELAY,1.5,,
100-364371-9,CIRCUIT CARD ASSY-AIR CONDITIONER RELAY,1.5,,
23072-1125,CLAMP,0.5,,
NH1005818-10,CLAMP,1,,
25706-3,CLEVIS,1,,
MS21256-2,CLIP  LOCKING  TURNBUCKLE,1,,
50-120101-4,CLIP-COVER ASSEM-UPPER  AFT SPAR FITTING,1,,
AT6620A1,CLOCK,1,,
S100-0080-00,COCKPIT VOICE RECORDER,2,,
2100-1010-00,COCKPIT VOICE RECORDER (30 min),4,,
80037-110V,COFFEE JUG  W/O SPIGOT,1.5,,
80037-9,COFFEE UNIT,0.5,,
50-380040-1,COIL,8,,
50-384071,COIL,5,,
74-451-AA,COLD PATCH KIT*RA*,0.01,,
C2400L4VM24B,COMPASS,4,,
101-530508-13,COMPASS ASSEM-STANBY,1.5,,
R206-488-20662,COMPRESSER,7.5,,
7312,COMPRESSOR,4,,
ER206R-25202,COMPRESSOR,10,,
201-0450-1,COMPRESSOR ASSEMBLY,4,,
90-555039-3,COMPRESSOR ASSEMBLY,7,,
90-555039-5,COMPRESSOR ASSEMBLY,8,,
90-555039-601,COMPRESSOR ASSEMBLY,2,,
36-555003-1,COMPRESSOR ASSEMBLY - AIR CONDITIONING,0.01,,
101-555214-1,COMPRESSOR ASSY  AIR CONDITIONIN,4,,
100-384072-5,COMPRESSOR DRIVE MOTOR,8,,
7100,CONE BEARING (SEE MM DESIGN 2 NOTES),0.6,,
MS3456L12S3S,CONNECTOR,1,,
80037-110,CONTAINER  HOT,0.5,,
101-384219-5,CONTAINER ASSEMBLY,5,,
50-580026-9,CONTROL,1.5,,
30-326-7,CONTROL AMPLIFIER,4,,
50-580026-1,CONTROL ASSEMBLY,2.5,,
50-380152-23,CONTROL CABLE,12,,
50-380152-25,CONTROL CABLE,12,,
90-389009-1,CONTROL CABLE,1.3,,
99-380007-17,CONTROL CABLE,16,,
50-590122-35,CONTROL LOCK ASSEMBLY,1,,
130346-1,CONTROL UNIT,2,,
101-380025-17,CONTROLLER,3,,
201-0750-2,CONTROLLER,2,,
300-0750-1,CONTROLLER,4.5,,
300-0750-2,CONTROLLER,4.5,,
101-384177-11,CONTROLLER ASSEMBLY,8,,
50-380070-3,CONVERTER ASSEMBLY,10,,
LJ055001,CORROSION CONTROL INSPECTION,2,,
10450-11950,COUNTER POINTER ALTIMETER,3,,
101450-11953,COUNTER-POINTER ENCODE ALTIME,3,,
100-530317-5,COVER ASSEMBLY,0.5,,
101-530436-9,COVER ASSEMBLY - CABIN SPEAKER,1,,
101-380023-1,COVER ASSEMBLY (SHEEPSKIN),1,,
50-120186-3,COVER ASSEMBLY-LOWER FWD SPAR FITTING,1,,
50-120102-19,COVER ASSEM-LOWER AFT SPAR FITTING,2,,
50-120101-1,COVER ASSEM-UPPER AFT  S/S TO -10,1,,
101-980045-19,COVER ASSY - ACCESS  NACELLE,4,,
000-170000-53,COVER LENS-WING TIP ASSEMBLY,1,,
101-524315-7,COVER-PEDESTAL CONTROL GUIDE,1.5,,
109-910023-1,COWL ASSEMBLY - UPR FWD,12,,
109-910024-101,COWL ASSY-LWR FWD,25,,
109-910024-601,COWLING ASSEMBLY        LOWER FORWARD,3,,
128-380067-9,CREW MASK  WITH COMFORT CONTROL,2,,
128-380068-1,CREW MASK BOX,2,,
174250-92,CREW MASK SWEEP-ON 2000,0.5,,
128-380067-29,CREW OXYGEN MASK,2,,
50-389095,CROSS FEED VALVE,4,,
130-380014-1,CUPHOLDER ASSY (COCKPIT),1,,
ACH10,CURRENT LIMITER,0.3,,
76504-F302,CURRENT SENSOR,4,,
90-361023-625,CURRENT SENSOR ASSEMBLY,2,,
90-530113-601,CURTAIN & STRAP AS      AFT COMPT,2,,
DK100,CVR BECAN/BATTERY *RA,1,,
99-820100-5,CYL ASSEM NOSE LD GR,6,,
50-810290-5,CYL-ASSEM-LDG GR MAIN,8,,
90-380001-15,CYLINDER,2.5,,
101-364270-5,D C STATIC CONTROL      PANEL,1.5,,
50-820004-3,DAMPENER ASSEMBLY,1,,
100-430060-1,DAMPENER ASSEMBLY - AIRSTAIR DOOR,1,,
100-430060-19,DAMPENER ASSEMBLY - AIRSTAIR DOOR,1,,
100-430060-23,DAMPENER ASSEMBLY - AIRSTAIR DOOR,2,,
100-430060-25,DAMPENER ASSEMBLY - AIRSTAIR DOOR,1,,
100-430060-27,DAMPENER ASSEMBLY - AIRSTAIR DOOR,1,,
25S-7D5064-26,DEICER BOOT,12,,
25S7D5064-04,DEICER BOOT,12,,
25S7D5064-05,DEICER BOOT,12,,
4E1188-5,DEICER BOOT,3,,
50-389028,DEICER BOOT,4,,
101-380001-28,DE-ICER BOOT - FAST BOOT,16,,
3E2092-2,DE-ICER WIRE HARNESS,0.5,,
Part,Description,Flat Rate,Model Family,As of 2/11/2009 1:19:43 PM
30-215-8,DETECTOR,2,,
3103347-01,DIAPHRAM,2.5,,
50-380046-19,DIFF PRESSURE INDICATOR,1,,
MB801-28,DIGITAL CLOCK CONTROL WHEEL,1,,
101-384199-1,DIGITAL O.A.T. INDICATOR,1,,
50-384205,DIRECTIONAL GYRO,2,,
50-300010-165,DISC BRAKE,1,,
50-300010-19,DISC BRAKE,3,,
ESD4C,DISCHARGER,1,,
DD1W,DISCHARGER (white),0.5,,
101-380053-11,DISCHARGER S/A DD1W,0.5,,
133-1098,DISK BRAKE,2,,
101-8002-15,DISK STATIONARY,3,,
CI305,DME ANTENNA,1.5,,
C3004-1P,DOME SPINER POLISH,1,,
101-920061-25,DOOR - ANTI-SIPHON ASSEM FUEL FILLER,7,,
50-820179-34WHITE,DOOR ASSEM NOSE GEAR  RH(WHITE URETHANE),4,,
99-120022-603,DOOR ASSEMBLY,4,,
50-120182-609,DOOR ASSEMBLY - WING L,2,,
50-820179-33,DOOR ASSEMBLY NOSE GEAR  LH (PRIMER),4,,
115-430100-647,DOOR ASSEMBLY-EMERGENCY EXIT,12,,
99-120023-1,DOOR ASSEM-CENTER       WING LE,1.5,,
50-820179-27,DOOR ASSEM-NOSE GEAR,3,,
50-820179-28,DOOR ASSEM-NOSE GEAR,3,,
50-820179-32,DOOR ASSEM-NOSE GEAR,5,,
50-534552-644,DOOR PANEL ASSEMBLY,2,,
99-120023-3,DOOR-CTR WING,1.5,,
50-110023-6,DOOR-SKIN ASSEMBLY OUTBD WING,0.5,,
101-980044-5,DOUBLER ASSEM.,2,,
50-380153-5,DRIVE ASSEM,3,,
50-380113-7,DRIVE ASSY-90:,4,,
109-910036-1,DRIVE PIN,2,,
ES43030-2,DRYER - RECEIVER BOTTLE,1.5,,
50-380046-3,DUAL ALTIMETER,1,,
109-910029-9,DUCT,20,,
50-380057-11,DUCT,12,,
50-380057-9,DUCT,12,,
SCDEETS4-96-5,DUCT,1,,
90-120011-9,DUCT - LE ASSEMBLY CENTER SECTION,3,,
109-550013-1,DUCT ASSY,10,,
101-910049-12 U,DUCT COWLING ASSEMBLY-LWR  (UNDRILLED),8,,
100-910041-1,DUCT GEN COOLING,0.5,,
101-524312-7,EDGELIGHT PANEL AS      PED COVER,3.5,,
90-364250-645,EDGELIGHT PANEL ASSY - C/B RH SIDEWALL,1,,
109-320039-13,EDGELIGHT PANEL ASSY - OVERHEAD VOLTMETE,0.5,,
90-322026-1,EDGELIGHT PANEL ASSY -FUEL CONTROL UPPER,1,,
90-522001-1,EDGELIGHTED PANEL ASSY - INSTR-PED.,3,,
90-320187-7,EDGELIGHTED PANEL LH OUTBOARD SUBP,1,,
101-384270-0005,EL PANEL - CIRCUIT BREAKER,2.5,,
130-384021-0003,EL PANEL - CIRCUIT BREAKER,1,,
130-384020-0001,EL PANEL ASSEMBLY-FUEL PANEL,1,,
90-910099-15,ELBOW ASSEMBLY,2.5,,
50-380125-3,ELECTRIC CLUTCH,1.5,,
50-384180-1,ELECTRIC HEATER COIL,5,,
130-384021-0005,ELECTROLUMINESCENT CIRCUIT BREAKER PANEL,1,,
130-384023-0001,ELECTROLUMINESCENT POWER SUPPLY,3,,
D9-55-1,ELEMENT  03W041827,3,,
651540,ELEMENT ASSEMBLY,1,,
452-0130,ELT BATTERY PACK ASSEMBLY ALKALINE*RA-N,1,,
LJFR91.207,ELT INSPECTION,1,,
58-530227-1,EMBLEM BEECH-CREST,0.7,,
90-000053-7,EMBLEM-IDENTIFICATION,0.7,,
501-1228-04,EMERGENCY BATTERY(PS-835D)*RA-N,1,,
ELT110-4,EMERGENCY LOCATER TRANSMITTER W/PACKING,1,,
28007-01-01,ENCODING ALTIMETER,2,,
28007-11-01,ENCODING ALTIMETER,5.5,,
28704D4001,ENCODING ALTIMETER,2,,
066-03064-0005,ENCODING ALTIMETER KEA130,2,,
109-910106-661,ENGINE MOUNT - SUB ASSEMBLY,55,,
50-534553-7,ESCUTCHEON - MAIN ACCESS DOOR  FOLDING S,0.5,,
101-530265-99,ESCUTCHEON ASSEMBLY,1,,
50-554267,EVAPORATOR DUCT AS,30,,
10-381550-4,EXCITER*RA*,2,,
109-950000-97,EXHAUST PIPE ASSEMBLY - LH,1.5,,
109-950000-99,EXHAUST PIPE ASSEMBLY - RH,1.5,,
109-950000-61,EXHAUST PIPE ASSY - L.H.,1.5,,
109-950000-63,EXHAUST PIPE ASSY - R.H.,1.5,,
FA5830-7L,EXHAUST STACK  LH,2,,
FA5830-8R,EXHAUST STACK  RH,2,,
109-950000-1,EXHAUST STACK ASSY,3,,
031130-01,EXPANSION VALVE,1,,
826-027,EXPANSION VALVE,6,,
826-041,EXPANSION VALVE,,,
50-820130-2,EYE ASSEMBLY NG STEERING SWIVEL,2,,
50-820130-8,EYE ASSEM-NOSE          GEAR STEERING,2,,
50-810143-6,EYE-MAIN LDG GR         TURNBUCKLE,2,,
50-524495-21,FAIRLEAD-ELECT TRIM,2,,
101-341779-33,FAN ASSEMBLY - BLOWER INSTALLATION,2,,
1564-1,FAULT WARNING LITE,2,,
101-384212-1,FILL VALVE ASSY-OXYGEN,1,,
101-555084-3,FILTER,1,,
101-524009-91,FILTER - FLIGHT CONTROL ASSIST,1,,
101-524009-0161,FILTER - FLIGHT CONTROL INSTALLATION,1,,
3059788-01,FILTER ELEMENT,3,,
AN6235-3A,FILTER ELEMENT,2,,
50-380069-1,FILTER ELEMENT (B574749)OIL,3.5,,
3022070,FILTER OIL,1,,
146898-1,FILTER PRESS CONTR,4,,
3038142,FILTER-CPRSR ELEME,3,,
114-570031-5,FIRE EXTINGUISER ASSEMBLY-CABIN DOOR*RA,1,,
30301102,FIRE EXTINGUISHER W/CARTRIDGE *RA*,2,,
70002-00,FIRST AID KIT 16 UNIT*RA,1,,
U-700413-123,FIT-O-SEAL,1,,
20619-1,FITTING,1,,
50-820240,FITTING-STOP NOSE GEAR,1,,
AP01-251411-1F,FIXED WINDOW,3.5,,
100-384040,FLAP MOTOR,3,,
100-384053-7,FLAP POS INDICATOR,1.5,,
50-364314-6619,FLAP SWITCH,3,,
50-364314-613,FLAP SWITCH ASSEMBLY,6,,
55-0221-1,FLASH TUBE,1,,
01-0266038-00,FLASHER,1,,
01-0268469-00,FLASHER,1,,
01-0790081-00,FLASHING BEACON,1,,
01-0790081-01,FLASHING BEACON,1,,
202331,FLASHTUBE,2,,
50-380057-1,FLEX DUCT,12,,
50-380057-3,FLEX DUCT,12,,
1 1/4ID TC321,FLEX HOSE,2,,
1 1/4TC321X120,FLEX HOSE,2,,
90-910099-13,FLEX HOSE ASSEM,2.5,,
90-910099-1,FLEX HOSE ASSEM         ENGINE,1.5,,
90-910099-9,FLEX HOSE ASSEM         ENGINE,2.5,,
90-910100-1,FLEX HOSE ASSEMBLY,2.5,,
90-910100-13,FLEX HOSE ASSEMBLY,1,,
90-910100-17,FLEX HOSE ASSEMBLY,2.5,,
58-380043-1,FLIGHT HOUR METER,1,,
100-389016-1,FLOAT SWITCH,2,,
118-381002-1,FLOAT VALVE ASSEMBLY,2.5,,
90-430043-25,FLOORBOARD ASSY-        CABIN,1,,
97-380000-33,FLOW CONTROL VALVE,3,,
3019906,FLOW DIVIDER,3,,
9133-25-B1,FLOWMETER TRANSMITTER,1,,
6900026,FLUORESCENT LIGHT ASSEMBLY,1,,
97-530105-65,FOOT ASSY - PARTITION PANEL ASSY,1,,
100-530448-7,FOOT-LEG ASSEM          LATERAL TRACKING,2,,
101-420089-11,FRAME,12,,
101-530351-53,FRAME ASSEMBLY LH,10,,
101-530351-54,FRAME ASSEMBLY-WINDOW FRAME ASSEM  RH,10,,
101-420089-30,FRAME- FS 100.50,12,,
91-380003,FUEL BOOST PUMP,2,,
1D2-12,FUEL BOOST PUMP *RA,4,,
100-381005-15,FUEL CAP,1,,
100-381005-1,FUEL CAP ASSEM,0.5,,
002-920013-4,FUEL CELL,10,,
100-381002-1,FUEL CELL,10,,
100-381002-2,FUEL CELL,10,,
100-381002-5,FUEL CELL,10,,
100-381002-6,FUEL CELL,10,,
50-389029-7,FUEL CELL,10,,
50-389034-12,FUEL CELL,10,,
50-921552-11,FUEL CELL,10,,
50-921552-12,FUEL CELL,10,,
50-921552-8,FUEL CELL,10,,
50-921554-11,FUEL CELL,3.5,,
90-920020-4,FUEL CELL,10,,
99-380000-21,FUEL CELL,12,,
99-380000-7,FUEL CELL,12,,
100-381000-5,FUEL CELL ASSY  INBD WING LEADING EDGE,10,,
100-381000-6,FUEL CELL ASSY  INBD WING LEADING EDGE,10,,
002-920013-1,FUEL CELL ASSY - WING L E  OUTBD,10,,
50-920101-109,FUEL CELL B.D.,16,,
50-920101-110,FUEL CELL INSTL B.D.,10,,
101-381001-1,FUEL CELL LH,10,,
101-381001-2,FUEL CELL RH,10,,
3015525,FUEL CONTROL,3,,
3015526,FUEL CONTROL,3,,
3049652-01,FUEL CONTROL-2 ENG,5,,
100-0140-01,FUEL DRAIN VALVE,2,,
79C30,FUEL DRAIN VALVE,2,,
217384-1,FUEL FILTER ASSEMBLY,2.5,,
109-389000-1,FUEL FILTER BOWL ASSEMBLY,2,,
3036641,FUEL FLOW DIVIDER & DUMP VALVE ASSY,3,,
90-380009-5,FUEL FLOW INDICATOR,1,,
90-380009-7,FUEL FLOW TRANSMITTER *RA,1.5,,
100-384073-1,FUEL INDICATOR,5.5,,
114-389040-21,FUEL LEVEL SENSOR,1.5,,
3034677,FUEL LINE,1,,
100-389018-23,FUEL PRESSURE SWITCH,2,,
3031709,FUEL PUMP,5.5,,
3034795,FUEL PUMP,6,,
50-380177-5,FUEL PUMP  *RA,4,,
100-380006-179,FUEL QTY PROBE,5,,
100-380006-185,FUEL QTY PROBE,5,,
117-384019-3,FUEL QUANTITY INDICATOR,8,,
100-380006-173,FUEL QUANTITY PROBE,5,,
100-380006-175,FUEL QUANTITY PROBE,5,,
100-380006-177,FUEL QUANTITY PROBE,5,,
100-380006-183,FUEL QUANTITY PROBE,5,,
100-380006-187,FUEL QUANTITY PROBE,5,,
109-389002-9,FUEL SHUTOFF VALVE*RA,3,,
50-389094-5,FUEL TRANSFER PUMP,4,,
MDA15,FUSE,0.8,,
109-910029-613,FWD WELDED ASSEMBLY -DUCT,20,,
101-384150-7,GAGE FUEL,4.5,,
3028832,GASKET,1.5,,
3029566,GASKET,0.3,,
50-921587-7,GASKET,1,,
MCOF69030-49,GASKET,5,,
MS9371-16,GASKET  METAL O-RING,2,,
38-0250154-00,GASKET BEACON,1,,
50-921582-1,GASKET FUEL CELL,2,,
50-921587-3,GASKET-FUEL CELL-CENTER SECTION,1,,
50-380105-1,GAUGE,2,,
100-524074-1,GEAR BOX ASSEMBLY,3,,
90-820027-1,GEAR SET,2.5,,
51538-001A,GENERATOR CONTROL UNIT,3,,
000-170031-1,GLARE SHIELD - WING TIP,2,,
000-170031-2,GLARE SHIELD-WING TIP,2,,
000-170000-24,GLARESHIELD,2,,
100-530506-617,GLARESHIELD & HARNESS ASSEM,3,,
3035932,GOVERNOR,3,,
50-389077-15,GOVERNOR,2,,
8210-002,GOVERNOR,2,,
8210-025,GOVERNOR,8,,
071-01553-0200,GPS ANTENNA,2,,
CI 401-220,GPS ANTENNA,6,,
1202-006,GRAPHIC ORDINANCE SIGN ASSEMBLY,1,,
50-810210-1,GR-LDG GR RETRACT       SPUR,1,,
MS25224-1,GUARD,0.5,,
501-1296-04,GYRO,2,,
1U149-001-6,GYRO HORIZON,4.5,,
101-550323-3,HALVES ASSEMBLY - PLENUM ASSEM,12,,
101-388007-3,HAND PUMP,4,,
101-384146-1,HANDLE ASSEMBLY,1,,
101-531407-1,HANDLE ASSEMBLY,1,,
101-400016-1,HANDLE ASSEMBLY - FUSELAGE LOCK SET,1,,
3031417CL25,HARNESS,2,,
3031417CL30,HARNESS,2,,
3031417CL35,HARNESS,2.5,,
100-380006-127,HARNESS ASSEMBLY FUEL GAGING SYSTEM,5,,
267900-002,HEADSET,1,,
308100-0020,HEADSET - BOSE  MODEL AHX-32-01,0.5,,
31963,HEADSET ASSY  BATT  STR  G/A PLUGS  EL,0.5,,
EE-366L,HEATED FUEL VENT MAST,1,,
EE-366R,HEATED FUEL VENT MAST,1,,
112633-1,HEATED VENT,1,,
50-384180,HEATER ELEMENT ASSEMBLY,5,,
LJ055000,HIGH CORRISION/HIGH HUMIDITY INSPECTION,1,,
109-910107-3,HINGE,5,,
101-620011-1,HINGE ASSEM - HORIZ SS98.197,2,,
101-420122-36 ARCT,HINGE ASSEMBLY - ARCTIC BEIGE,2,,
109-910107-1,HINGE ASSEMBLY-DOOR ACCESS,5,,
50-430043-547,HINGE HALF-DOOR ASSEMBLY MAIN ACCESS,5,,
50-420013-71097,HINGE SUPPORT  UNDRILLED,2,,
50-130021,HINGE-BRKT ASSEM AIL    MIDDLE,1.5,,
50-810129-22,HINGE-DOOR ASSEM-MAIN   LDG GR,5,,
50-980000-5,HINGE-NACELLE ASSEMBLY,1,,
MCOC28926-19,HOLDER ASSEMBLY  WITHOUT BULB,1,,
MCOC28926-619,HOLDER ASSEMBLY  WITHOUT BULB,3,,
A6747-4,HOOD,0.1,,
1U367-207-8,HORIZON GYRO INDICATOR,1,,
SC628P,HORN,3,,
169-380021-11,HORN  HIGH PITCH,1,,
101-384169-1,HORN & VALVE - RELIEF,0.5,,
50-524406-1,HORN ASSEMBLY - ELEVATOR CONTROL,4,,
50-524406-3,HORN-ELEV CONT,4,,
109-389009-1,HOSE,1,,
150-00038-0000,HOSE,1,,
90-910100-15,HOSE - FLEX HOSE ASSEM - ENGINE,1,,
124J002-12CR-0414,HOSE ASSEMBLY,1,,
300-0855-1,HOSE ASSEMBLY,8,,
330996F10-0350,HOSE ASSEMBLY,1,,
330996F4-0180,HOSE ASSEMBLY,1,,
330996F8-0130,HOSE ASSEMBLY,0.8,,
330997F4-0223,HOSE ASSEMBLY,0.8,,
MS28741-4-0185,HOSE ASSEMBLY,1,,
330995F10-0204,HOSE ASSEMBLY-FUEL SYSTEM,1,,
MS28741-4-0212,HOSE ASSEM-PILOT BRAKES,1,,
101-380050-3,HOSE ASSY,1,,
101-388016-13,HOSE ASSY,1,,
353-100-5026,HOSE ASSY,1,,
109-910049-33,HOT LIP ASSEM           INLET AIR,30,,
200-1016-1,HOT TANK,0.5,,
200-1016-13,HOT TANK ASSEMBLY,1,,
200-1016-19,HOT TANK ASSEMBLY,1,,
101-384092-1,HOUR CLOCK,1,,
266-45-1,HOUSING,4,,
50-300010-95,HOUSING 266-45OPT2,2,,
50-524161-609,HOUSING ASSEMBLY,10,,
50-524161-610,HOUSING ASSEMBLY,10,,
50-524161-611,HOUSING ASSEMBLY,10,,
50-554267-601,HOUSING ASSEMBLY - EVAPORATOR,0.01,,
50-300010-113,HUB CAP,0.5,,
101-5172-2,HUMPSEAL INSTL-R/H WINDSHIELD KIT,10,,
99-388002-11,HYD PWR PACK*CSSTX,8,,
90-388000-1,HYDRAULIC LANDING GEAR ACTUATOR ASSY,10,,
UL32-040-SP1,HYDRO LOCK,2.5,,
260-1004-13,ICE CHEST,0.5,,
260-1014-35,ICE CHEST,0.5,,
AD964-2,ICE PROTECTOR,1,,
50-820113-7,IDLER ASSY - NOSE       STEERING LINK,0.01,,
3032168,IGNITION EXCITER,1,,
3035889,IGNITION EXCITER,2,,
CH34055,IGNITION PLUG,0.5,,
90-5041-1 S,IMPROVED VENT BLOW      (COMM KIT),3,,
50-521222-4,INBD FLAP ACTUATOR,3,,
AP01-251411-3R,INBOARD PANE ROTATING,3.5,,
101-389022-1,IND PROP AMPS,1,,
100-384117-9,INDICATOR,1,,
101-384107-1,INDICATOR - AC VOLT  FREQUENCY,1,,
101720-11564,INDICATOR  ALTIMETER,2,,
90-380036-7,INDICATOR - ENGINE OIL TEMP & PRESSURE,1.5,,
90-380034-7,INDICATOR - ENGINE TORQUE,1,,
101-384151-5,INDICATOR - FUEL,10,,
90-380037-1,INDICATOR - FUEL FLOW,1.5,,
90-380036-3,INDICATOR - OIL TEMP & PRESS,1.5,,
90-380036-5,INDICATOR - OIL TEMP & PRESS,1.5,,
130-380044-11,INDICATOR - TURBINE RPM,1,,
130-380041-7,INDICATOR ITT,1,,
90-380033-5,INDICATOR ITT,2,,
90-384026-15,INDICATOR ITT,1,,
90-380035-9,INDICATOR PROP RPM,1.5,,
130-380044-21,INDICATOR TURBINE RPM,1,,
130-380044-9,INDICATOR TURBINE RPM,1,,
90-380033-3,INDICATOR-ITT,2,,
90-380035-3,INDICATOR-PROP RPM,1.5,,
90-380035-5,INDICATOR-PROP TACH,1.5,,
90-380033-7,INDICATOR-TEMP TURBINE INTERIOR,2,,
90-380034-3,INDICATOR-TORQUE,1,,
90-380034-5,INDICATOR-TORQUE,1,,
130-380044-7,INDICATOR-TURBINE RPM,1,,
50-300010-15,INSULATOR  115B101,0.5,,
50-300010-29,INSULATOR PISTON,1.3,,
LJ055021,INTERIM INSPECTION,8,,
127-384019-3,INVERTER,2,,
PC-125,INVERTER,2,,
20139,INVERTER 600VA,4,,
SPC30A,INVERTER W/RC-15 RAIN COVER,1,,
90-384026-25,ITT INDICATOR,1,,
90-384026-3,ITT INDICATOR,1,,
071-01599-0100,KA 815 TAS DIRECTIONAL ANTENNA,8,,
071-4037-01,KA33 FAN ASSEMBLY,2,,
LJ052010,KA90 LH 400HR FUEL NOZZLE FLOW CHECK,10,,
LJ052011,KA90 RH 400HR FUEL NOZZLE FLOW CHECK,10,,
LJ052148,KAC90  DETAILED AILERON INSPECTION,8,,
LJ052146,KAC90  LEAD ACID BATTERY CHARGE,2,,
LJ052147,KAC90  LEAD ACID BATTERY EMER CAPAC TEST,2,,
LJ052034,KAC90  PHASE 3 + 4 INSPECTION COMBINED,88,,
LJ052145,KAC90  WING STRUCTURE INSPECTION,40,,
LJ052124,KAC90 AIR-COND COMP DR BELT TENSION CK,1,,
LJ052150,KAC90 CABIN ALT WARNING SYS TEST&INSPEC.,2,,
LJ052133,KAC90 CABIN FIRE EXTINGUISHER INSPECTION,1,,
LJ052142,KAC90 COCKPIT VOICE REC ULB FUNC TEST,2,,
LJ052123,KAC90 EDGE-LIGHTED PANEL ASSEM INSPECTIO,8,,
LJ052134,KAC90 ENG FIRE EXTNG. HYDROSTATIC TEST,8,,
LJ052143,KAC90 ENG MOUNT VIBRAT ISOLATORS INSPEC.,4,,
LJ052137,KAC90 FIRE EXING SQUIB CARTRIDGE REPLACE,4,,
LJ052138,KAC90 FLIGHT CNTRL PULLEYS&BRKTS INSPEC,40,,
LJ052144,KAC90 FUSELAGE STRUCTURAL INSPECTION,100,,
LJ052101,KAC90 LH ENGINE HOT SECTION INSPECTION,40,,
LJ052102,KAC90 LH ENGINE REPLACE OIL FILTER,1,,
LJ052110,KAC90 LH FLAP FLEXIBLE SHAFT INSPECTION,6,,
LJ052108,KAC90 LH MAIN GEAR ACTUATOR CLEV HOLE IN,1,,
LJ052107,KAC90 LH MAIN GEAR AXLE&TORQUE KNEES INS,5,,
LJ052106,KAC90 LH MAIN GEAR DRAG BRACE ASS INSPEC,10,,
LJ052105,KAC90 LH MAIN GEAR SHOCK ASSEM INSPECTIO,30,,
LJ052109,KAC90 LH MAIN LANDING GEAR WHEEL INSPEC.,2,,
LJ052104,KAC90 LH NACELLE FUEL CELL&PROBE INSPEC.,2,,
LJ052103,KAC90 LH STARTER-GEN QAD FLANGE INSPEC.,1,,
LJ052111,KAC90 LH WING PANEL UPR&LWR SPAR CAP INS,2,,
LJ052136,KAC90 LNDING GEAR SYS HYDRAUL FLTR REPLA,3,,
LJ052128,KAC90 NOSE GEAR ACTUATOR CLEVIS HOLE INS,1,,
LJ052127,KAC90 NOSE GEAR AX ASS&TORQUE LINKS INSP,5,,
LJ052126,KAC90 NOSE GEAR DRAG BRACE ASSEM INSPEC.,10,,
LJ052125,KAC90 NOSE GEAR SHOCK ABSORBER ASS INSP,30,,
LJ052129,KAC90 NOSE LANDING GEAR WHEEL INSPEC.,3,,
LJ052140,KAC90 OX CL DOT3AA1800 HYDR TST9STND TES,4,,
LJ052139,KAC90 OXY CYL DOT3AA 1800HYDRO TEST(COMP,4,,
LJ052141,KAC90 OXY CYL DOT3HT 1850 HYDROSTAT TEST,4,,
LJ052131,KAC90 PEDESTAL PWR LEVER STOP PIN INSPEC,2,,
LJ052012,KAC90 PHASE I + 2 INSPECTION COMBINED,88,,
LJ052132,KAC90 PILOT'S COMPART. FIRE EXTNG. INSP.,1,,
LJ052113,KAC90 RH EINGINE REPLACE OIL FILTER,1,,
LJ052112,KAC90 RH ENGINE HOT SECTION INSPECTION,40,,
LJ052121,KAC90 RH FLAP FLEXIBLE SHAFT INSPECTION,6,,
LJ052119,KAC90 RH MAIN GEAR ACTUATOR CLEV HOLE IN,1,,
LJ052118,KAC90 RH MAIN GEAR AXLE&TORQUE KNEES INS,5,,
LJ052117,KAC90 RH MAIN GEAR DRAG BRACE ASS INSPEC,10,,
LJ052116,KAC90 RH MAIN GEAR SHOCK ASSEM INSPECTIO,30,,
LJ052120,KAC90 RH MAIN LANDING GEAR WHEEL INSPEC.,2,,
LJ052115,KAC90 RH NACELLE FUEL CELL&PROBE INSPEC,2,,
LJ052114,KAC90 RH STARTER-GEN QAD FLANGE INSPEC,0.7,,
LJ052122,KAC90 RH WING PANEL UPR&LWR SPAR CAP INS,2,,
LJ052149,KAC90 STANDBY PWR SUPPLY BATTRY LOAD TES,2,,
LJ052135,KAC90 WING ATTACHMENT BOLT INSPECTION,40,,
066-3062-00,KEA346,1,,
115-8001-10,KEY TORQUE,0.4,,
LJ652008,KING AIR ANNUAL RH & LH WING BOLT LUBE,1,,
LJ055020,KING AIR C90  COMPLETE INSPECTION,115,,
LJ052008,KING AIR C90 1200 HOUR LUBRICATION,16,,
LJ052005,KING AIR C90 200 HOUR LUBRICATION,4,,
LJ052006,KING AIR C90 400 HOUR LUBRICATION,3,,
LJ052007,KING AIR C90 800 HOUR LUBRICATION,6,,
LJ052002,KING AIR C90 PHASE 2 INSPECTION,64,,
LJ052003,KING AIR C90 PHASE 3 INSPECTION,64,,
LJ052004,KING AIR C90 PHASE 4 INSPECTION,64,,
LJ052001,KING AIR C90B PHASE I INSPECTION,64,,
130-1010-902,KING AIR TABLE KIT,0.01,,
PT6A-100HRBEECH KT,KIT - 100HR INSP PTS BEECH KIT,20,,
117-9000-5,KIT - AIR COND COMPRESSOR INSTALLATION,8,,
101-8027-5 P,KIT - ALUM NOSE WHEEL INSTL,2,,
130-9701-0001,KIT - B300/B300C - DEICE TUBING,1,,
101-5137-1 S,KIT - CLOCK INSTL CONTROL WHEEL,1,,
101-3111-1 S,KIT - FUEL QTY INDICATOR INSTL,6,,
101-5051-1 S,KIT - FUEL QUANTITY PROBE INSTALLATION,5,,
101-3292-0001,KIT - HOURMETER FLIGHT - SPARES,1,,
90-3107-1 P,KIT - ICE VANE ACTUATOR INSTL,3.5,,
90-3111-1 S,KIT - INDICATOR LIGHT INSTL-LDG GEAR,2,,
100-5015-1 S,KIT - INFO POLARIZED WINDOW INSTALLATION,3,,
90-5328-0001,KIT - MAGAZINE RACK REPLACEMENTS,0.5,,
90-9079-1 S,KIT - OIL VENT EXHAUST INSTL (PT6A),40,,
109-4011-1,KIT - RIGHT AILERON SUB SPAR,5,,
101-4050-3,KIT - SPAR BUSHING INSTL,0.01,,
100-9014-1 S,KIT - SPARK IGNITION INSTALLATION,1,,
90-8015-0001,KIT - SUPPORT ASSY ACTUATOR BEARING  MLG,40,,
109-9000-5,KIT - TANK INSTL FUEL PURGE,1,,
90-3100-1 P,KIT - WINDSHIELD & WINDOW DEICE INSTL,14,,
90-3100-3 P,KIT - WINDSHIELD & WINDOW DEICE INSTL,24,,
1520611,KIT SOLENOID,2,,
90-3105-1 S,KIT-FLASHING BEACON UPPER,2.5,,
90-5126-0001,KIT-REGULATOR  PNEUMATIC PRESSURE,2,,
90-5082-3,KIT-SPARE COMPRESSOR INSTL A/C,15,,
100-5018-5,KIT-SPARE COMPRESSOR INSTL A/C R12,12,,
100-5018-1,KIT-SPARE COMPRESSOR INSTL A/C R134,7.5,,
130-5501-0001,KIT-SYSTEM REACTIVATION ELECTRIC HEAT,32,,
066-01175-2101,KMH820 MULTI-HAZARD AWARENESS PROCESSOR,1,,
36-810016-1,KNEE ASSEMBLY - M G,0.5,,
50-810032-12,KNEE ASSEMBLY - MAIN GEAR,1,,
101-531442-1,KNOB ASSEMBLY - CABIN CHAIR,1,,
50-524506,KNOB-GOVERNOR CONTROL,0.5,,
1683,LAMP,0.5,,
34-0428070-64,LAMP,1.5,,
4587,LAMP,0.75,,
4596,LAMP,0.5,,
A7512-24,LAMP,0.5,,
MS25309-7512,LAMP,1,,
1864,LAMP  T-3-1/4,0.3,,
LP1982SP,LAMP 2000HR DN25-3,0.5,,
101-380084-1,LAMP ASSY,1,,
1495,LAMP BULB,0.5,,
31-4557-1,LAMP HOLDER ASSEM,2,,
PW2013,LAMP HOLDER POWER SUPPLY ASSY,1,,
A4503M9-5,LANDING GEAR CONTROL,2,,
452-16-12,LANYARD 12 L 99321,0.5,,
452-16-6,LANYARD FU-CAP6 LG,1,,
A23062-3,LATCH,2,,
H296K1135,LATCH ASSEM,1.5,,
50-554275-17,LATCH ASSEMBLY,2,,
50-554275-19,LATCH ASSEMBLY,2,,
50-554275-607,LATCH ASSEMBLY - EVAPORATOR DOOR,6,,
50-554275-9,LATCH ASSEMBLY EVAPOR DOOR,2,,
AT4220A6,LCD CLOCK,1,,
G-6381ES,LEAD ACID BATTERY*RA,1,,
132-380040-3,LEAD/ACID BATTERY**RA-N,2,,
070-225,LEATHER  HIDE - COLDSTREAM,0.01,,
070-320,LEATHER - OYSTER,0.01,,
070-265,LEATHER - PECAN,0.01,,
101-525278-601,LEATHER COVERED CONTROL WHEEL,2,,
31-4414-3,LENS,2,,
68-4250258-58,LENS  RED,1,,
31-3912-1,LENS ASSY,2,,
A7942-1,LENS CLEAR & PLUG,0.3,,
50-440066-55,LENS CONE INSTALLATION,1,,
000-170001-14,LENS COVER  OUTBOARD WING TIP ASSY,1,,
68-4250257-52,LENS RED UPPER,1,,
114-170021-1,LENS-WING TIP,3,,
114-170021-2,LENS-WING TIP,3,,
101-524181-9,LEVER ASSEMBLY THROTTLE,4,,
101-524181-1,LEVER ASSEMBLY-THROTTLE,4,,
50-524567-3,LEVER ASSEM-THROTTLE,6,,
LJ652009,LH/RH WING BOLT RETORQUE AFTER INITIAL,2,,
101-580298-603,LID  HYDRAULIC RESERVOIR,0.5,,
101-380005-39,LIFT COMPUTER,2,,
101-380005-9,LIFT TRANSDUCER,3,,
3701-2,LIFT TRANSDUCER,2,,
795-13,LIFT TRANSDUCER,3,,
5100CW28B,LIGHT,2,,
A-8970-2-327,LIGHT,0.4,,
A-8970-B2-327,LIGHT,0.5,,
A8970B2-327,LIGHT,0.5,,
2565-1,LIGHT ASSEM (READING),1,,
101-360020-13,LIGHT ASSEM BEACON      LOWER,1,,
30-1298-7,LIGHT ASSEMBLY,2,,
30-1329-5,LIGHT ASSEMBLY,1,,
30-1329-6M,LIGHT ASSEMBLY,2,,
30-1329-1,LIGHT ASSEMBLY  NAVIGATIONAL,2,,
100-384118-24,LIGHT ASSY,2,,
90-380029-3,LIGHT ASSY,1,,
90-384039-3,LIGHT ASSY,3,,
90033-3,LIGHT ASSY,1.5,,
A-7079B-24,LIGHT BULB,0.3,,
A708-28,LIGHT BULB HALOGEN,1,,
90-364125-3,LIGHT PANEL ASSEMBLY-CB RH SIDE WALL,2,,
101-320284-5,LIGHT PANEL ASSEMBLY-LH INBD SUB-PANEL,1.5,,
58-380022-11,LIGHT TRAY ASSY 28V,1,,
ACH15,LIMITER,0.3,,
FIL40,LIMITER,0.3,,
101-530398-1,LINER - TOILET INSTL -  AFT COMPT,1,,
50-300010-121,LININ244B234*CSSTX,1.5,,
115-8001-7,LINING  VPN 342B24,0.5,,
50-300010-167,LINING#244-668,1,,
50-300010-123,LININGBUTTON342-23,1.5,,
50-820102-16,LINK ASSEMBLY,4,,
101-820014-1,LINK ASSEM-NOSE GR      STEERING IDLER,4,,
100-820022-9,LINK ASSEM-NOSE ST,1,,
99-388007-1,LIQUID LEVEL SENSOR,3,,
99-388007-3,LIQUID LEVEL SENSOR,3,,
1202-300,LITE TRAY N/S SIGN,1,,
LJ052152,LJ052152 1000hrAIR COND MOTOR BRUSH INSP,5,,
109-384001-1,LOAD INDICATOR,1,,
50-590122-39,LOCK ASSEM-CONTROL      SURFACES,1,,
99-384000-27,LOCK PLUG & KEYS ASSY (MASTER KEY #3),2,,
101-384258-43,LOCKSET HANDLE ASSEMBLY,1.5,,
622-2363-001,LOOP  SENSE ANTENNA (ANT60A),1,,
109-910104-3,LOWER SHROUD ASSEMBLY - STARTER GENERATO,4,,
12948G-01,M1 MIKE,0.5,,
213181,MAGNETIC PICKUP,2,,
501-1826-01,MAGNETOMETER (MAG-3000A),2,,
19004-10-01,MAGNETOMETER (ST19004-10-01),2.5,,
50-810304-652,MAIN GEAR,12,,
90-810039-2,MAIN L/G ASSY,3,,
170085,MANIFOLD (OXYGEN),8,,
101-970122-1,MANIFOLD ASSEMBLY PNEU BLEED AIR,1.5,,
90-380001-11,MASTER CYLINDER,3,,
90-380001-29,MASTER CYLINDER,1.5,,
90-380001-33,MASTER CYLINDER,1.5,,
90-380028-5,MAX ALLOWABLE AIRSPEED INDICATOR,1,,
90-380028-7,MAX ALLOWABLE AIRSPEED INDICATOR,2,,
602-3375,MICROPHONE,1,,
903-1341,MICROPHONE,2,,
3E2090-1,MODULAR BRUSH ASSY,2,,
LMD6008P,MODULE,2,,
101-364584-5,MODULE ASSEM BATTERY MONITOR,1,,
101-364326-9,MODULE ASSEM-ANNUN      CONTROL,1,,
101-364572-25,MODULE ASSEMBLY,1,,
101-364582-25,MODULE ASSEMBLY -  ADVISORY LIGHT TEST,1,,
101-364578-7,MODULE ASSEMBLY -  ANNUNCIATOR CONT,1,,
130-364125-7,MODULE ASSEMBLY - AMBIENT AIR &,1,,
130-364076-5,MODULE ASSEMBLY - ANNUNCIATOR,2,,
101-364578-11,MODULE ASSEMBLY - ANNUNCIATOR CONT,1,,
130-364125-9,MODULE ASSEMBLY AMBIENT AIR &,1,,
101-364668-5,MODULE ASSEMBLY-FUEL TRANSFER,1,,
130-364078-9,MODULE ASSY,5,,
130-364078-13,MODULE ASSY - EXTERNAL POWER MONITOR,1,,
101-364580-1,MODULE ASSY-ANNUNCIATOR FAULT DETECTION,1,,
101-364580-11,MODULE ASSY-ANNUNCIATOR FAULT DETECTION,3,,
101-364387-7,MOISTURE SHIELD FUEL CONTROL PANEL,1,,
100-384040-3,MOTOR,3,,
ES61136-2,MOTOR,2,,
A-6458,MOTOR  FLASHER UNITS & ROTATING LIGHTS,2,,
58-380090-0007,MOTOR - LANDING GEAR RETRACT,1.5,,
17200-382,MOTOR  PUMP,1,,
99-580094-13,MOTOR & POWER PACK      ASSEM *RA,12,,
115-380002-5,MOTOR /LANDING GEAR RETRACT/,4,,
100-524073-1,MOTOR AND GEARBOX ASSY-FLAP DRIVE,3,,
50-380124-3,MOTOR ASSEM,1,,
55-0069-1,MOTOR ASSEM,1.5,,
99-524025-7,MOTOR ASSEM,3,,
A7610,MOTOR ASSY  ROTATING LIGHT,1,,
101-384165-1,MOTOR ASSY-WINDSHIELD WIPER,8,,
99-524025-3,MOTOR FLAP,3,,
130-364078-3,MOUDLE ASSEM-           EXTERNAL PWR,3.5,,
50-389133-15,MOUNT (ENGINE),2,,
5725 KIT,MTR & PUMP ASY L/S,1,,
100-384125-3,NAV VERT STAB ANTENNA,2,,
101-410095-29,NOSE CONE ASSEMBLY,8,,
112-380022-17,NOSE GEAR ACTUATOR,6,,
50-820023-8,NOSE GEAR SPACER,3,,
101-820020-615,NOSE LANDING GEAR  WITH WHEEL AND TIRE,8,,
3013635,NOZZLE,1,,
27700-2,NOZZLE (3010036),1,,
3031971,NOZZLE-PACK SINGLE,1,,
101450-11952,NTER POINTER ENCODING ALTIM,4,,
MS21069L4,NUTPLATE  SELF-LOCKING  TWO LUG,0.01,,
MS29561-237,O RING,1,,
681201-1,OAT PROBE ASSEMBLY,1,,
101-384199-3,OAT PROCESSOR,2.5,,
100-389015-5,OIL COOLER,2,,
101-389028-1,OIL COOLER,2,,
101-389028-3,OIL COOLER,6,,
3033315,OIL FILTER,0.5,,
3034393WFC,OIL FILTER ELEMENT,0.5,,
3059258-01,OIL FILTER ELEMENT,0.5,,
101-389023-5,OIL PRESSURE TRANSDUCER,1,,
101-389023-7,OIL PRESSURE TRANSDUCER,1,,
100-384117-3,OIL TEMP & PRESSURE INDICATOR,1,,
37617-339,O-RING,0.2,,
NAS1595-4,O-RING,1,,
MS29512-04,O-RING  PREFORMED,1,,
50-521223-3,OUTBD FLAP ACTUATO,5,,
50-521223-4,OUTBD FLAP ACTUATO,4,,
103648-1,OUTFLOW/SAFETY VALVE,2,,
103648-5,OUTFLOW/SAFETY VALVE,2,,
122-384003-1,OUTSIDE AIR TEMP SENSOR,10,,
115-389014-5,OVERSPEED GOVERNOR,7,,
115-389014-7,OVERSPEED GOVERNOR,1,,
800438-14,OXYGEN CAPILLARY LINE ASSEMBLY,4,,
101-384200-5,OXYGEN CYLINDER ASSY 77 CU FT *RA,3.5,,
101-384033-1,OXYGEN CYLINDER-REGULATOR ASSY 22CUFT*RA,3,,
101-384033-5,OXYGEN CYL-REGULATOR ASSY 66CU FT *RA,3,,
99-384042-1,OXYGEN GAUGE,2,,
174424-24,OXYGEN MAS W/MIC,1,,
128-380067-25,OXYGEN MASK,1,,
128-380067-15,OXYGEN MASK ASSY,1,,
128-380067-19,OXYGEN MASK ASSY,1,,
174010-03,OXYGEN MASK*C SSTX,1,,
130-340097-1,P C BOARD ASSEMBLY AUDIO,1,,
109-361016-1,P C BOARD OVR VOLT SENSOR & ADVISOR,2,,
3010104,PACKING,1.5,,
AS3208-05,PACKING,0.01,,
MS9386-014,PACKING,0.01,,
AS3209-113,PACKING  PREFORMED,0.01,,
MS9385-09,PACKING-PREFORMED,0.01,,
MS9386-015,PACKING-PREFORMED,0.01,,
MS9386-126,PACKING-PREFORMED,0.01,,
101-530651-7,PAD,1,,
50-430040-55,PAD-STEP,2,,
MODEL 240,PAGING/STEREO AMPLIFIER,1,,
101-364958-0001,PANEL ASSEMBLY,1,,
90-029192-607,PANEL ASSEMBLY,2,,
90-364168-55,PANEL ASSEMBLY -  CKR BREAKER RH,4,,
90-384261-0001,PANEL ASSEMBLY - ELECTROLUMINESCENT,1,,
101-364112-603,PANEL ASSEMBLY - TRIM MOTOR  CONTROL,3,,
90-320166-13,PANEL ASSEMBLY EDGELI PANEL SUBPANEL L,1,,
132716-3,PANEL ASSEMBLY-EDGE LIGHTED RADIO CALL,1,,
101-384262-0001,PANEL ASSEMBLY-ELECTRO,1,,
101-384268-0001,PANEL ASSEMBLY-ELECTRO,1,,
130-384015-0003,PANEL ASSEMBLY-ELECTRO,1,,
100-364189-615,PANEL ASSEMBLY-START CONTROL AIR COND,1.5,,
101-364112-605,PANEL ASSEM-TRIM MOTOR  CONTROL,3,,
100-530168-67,PANEL ASSEM-WINDOW INNER,1,,
90-530227-65,PANEL ASSY.,1,,
130-384021-0001,PANEL ASSY-ELECTROLUMINESCENT CIRCUIT BR,1,,
109-320083-3,PANEL ASSY-UPR FUEL     CONT EDGELIGHTED,0.5,,
50-534552-205,PANEL-UPHOLSTERY INSTALLATION-MAIN ACCES,2.5,,
50-534552-207,PANEL-UPHOLSTERY INSTALLATION-MAIN ACCES,2,,
101-530884-1,PANE-WINDOW PANE INNER COCKPIT,1,,
90-530130-39,PARTITION ASSEMBLY,1,,
A6914-1024-1,PATCH KIT,0.5,,
130-340111-1,PC BOARD ASSEMBLY - AUTO PILOT,1,,
S0P6-01-05,PERMASWAGE KIT,0.01,,
LJ052035,PHASE 2 3 & 4 INSPECTION,95,,
260-1023-29,PIN  POP-UP,1,,
99-8003-25,PISTON,1.5,,
50-810370-3,PISTON ASSEMBLY,6,,
50-810370-4,PISTON ASSEMBLY,6,,
50-810370-603,PISTON ASSEMBLY,4,,
50-810370-604,PISTON ASSEMBLY,4,,
PH502-3,PITOT TUBE,1,,
50-384040-3,PITOT TUBE L.H.,1,,
115098-5,PLACRD BEECHCRAFT,1,,
50-430174-7,PLATE,0.75,,
50-910482-5,PLATE,0.5,,
50-430174-3,PLATE  CABIN DOOR INSPECTION,1,,
50-910482-3,PLATE - ENGINE OIL SERVICE INSTRUCTION,0.5,,
50-910033-3,PLATE-COWLING FASTNER WEAR,1,,
101-384083-1,PLATE-INSTRUCTION  CHAIR AND SHOULDER HA,0.5,,
A81516F18-38P1,PLUG,2,,
101-590107-1,PLUG - BLEED AIR INTAKE SCOOP,1,,
90-590020-1,PLUG ASSEMBLY - AIR SCO,0.5,,
APVL-251411-1-F,POLARIZED WINDOW - FIXED,2,,
APVL-251411-1-F-1,POLARIZED WINDOW - FIXED,2,,
251411-1,POLARIZED WINDOW PANE /HNIR-27/,3.5,,
251411-3,POLARIZED WINDOW PANE /HNVL-36/,3.5,,
APVL-251411-3-R-1,POLARIZING WINDOW,1,,
26080,POTENTIOMETER,2,,
376-2531-030,POTENTIOMETER,1,,
CM42873,POTENTIOMETER,1,,
RV6NAYSD503A,POTENTIOMETER,1,,
101-389035-11,POWER CONT CABLE,12,,
RR18,POWER CONVERTER  DC TO DC,1,,
99-388002-15,POWER PACK,12,,
60-1750-3,POWER SUPPLY,3.5,,
LT-55(C),POWER SUPPLY  5 VOLT TRACKING,1,,
100-384118-21,POWER SUPPLY  LIGHT ASSEMBLY,3,,
501-1228-03,POWER SUPPLY *RA-N,2,,
130346-7,PRESS CONTROLLER,2,,
101-389004-3,PRESSURE SWITCH,1.5,,
20623-1,PRESSURE SWITCH,2,,
20623-2,PRESSURE SWITCH,1,,
50-389055-1,PRESSURE SWITCH - FUEL,1,,
50-389121-1,PRESSURE SWITCH  OIL,1,,
50-389121-15,PRESSURE SWITCH  OIL,2,,
50-389121-19,PRESSURE SWITCH  OIL,2,,
50-389121-25,PRESSURE SWITCH  OIL,2,,
101-384199-5,PROBE,2.5,,
3022984,PROBE,0.5,,
100-380006-85,PROBE  -  USE -169,5,,
100-380006-103,PROBE FUEL QUANTITY CAPACITANCE TYPE,5,,
100-380006-109,PROBE FUEL QUANTITY CAPACITANCE TYPE,3.2,,
100-380006-113,PROBE FUEL QUANTITY CAPACITANCE TYPE,5,,
100-380006-125,PROBE FUEL QUANTITY CAPACITANCE TYPE,5,,
100-380006-143,PROBE FUEL QUANTITY CAPACITANCE TYPE,5,,
100-380006-67,PROBE FUEL QUANTITY CAPACITANCE TYPE,5,,
100-380006-73,PROBE FUEL QUANTITY CAPACITANCE TYPE,5,,
100-380006-97,PROBE FUEL QUANTITY CAPACITANCE TYPE,5,,
100-380006-145,PROBE WG,5,,
101-389022-9,PROP AMP INDICATOR,2,,
50-380035-1,PROP TACHOMETER,1,,
90-380035-13,PROP TACHOMETER,1.5,,
8-060-10,PROXIMITY P.C. BOARD,1,,
100-554037-5,PULLEY AIR CONDITION,1,,
90-384020-7,PUSH PULL CONTROL,9,,
50-524448-3,PUSH ROD ASSEM RUDDER   PEDAL,1.5,,
101-384172-9,QUADRANT REGULATOR,4,,
101-384172-23,QUADRANT REGULATOR ASSEMBLY,4,,
115-555025-9,QUILL SHAFT,6,,
PM-21,RADOME BOOT  KA,1,,
50-384073,RATE OF CLIMB IND,1,,
50-380045,RATE OF CLIMB INDICATOR,1,,
90-384019-3,RECEIVER - DRYER & SIGHT GAGE,6,,
90-384019-1,RECEIVER DRYER & SIGHT GAGE /AIR-COND/,5.5,,
30-1414-1,RECOGNITION LIGHT,1,,
NAS1564D6-4,REDUCER  FLARED TUBE,0.5,,
VR1010-24-1A,REGULATOR,3,,
101-384140-1,REGULATOR & CYLINDER ASSEMBLY*RA,3,,
101-524179-9,REGULATOR ASSEMBLY - PNEUMATIC PRESSURE,2,,
172010-03,REGULATOR OXYGEN PRESSURE,3.5,,
109-381002-1,RELAY,1,,
50-380048-11,RELAY,1,,
50-380048-5,RELAY,0.01,,
6041H189,RELAY,1.5,,
6041H190,RELAY,1,,
6041H228,RELAY,1,,
6041H278,RELAY,1,,
E415-1179,RELAY,2,,
KC-D2A,RELAY,1,,
KC-J2A,RELAY,1,,
SM200D10,RELAY,2,,
SM200D11,RELAY,2,,
SM400D5,RELAY,6,,
X-D2N-300M,RELAY,1,,
50-380048-1,RELAY  SEALED,1,,
MS24184D1,RELAY 300 AMP,1,,
109-361030-1,RELAY ASSEM-BATTERY BUS TIE RELAY ASSEM,2,,
109-361030-3,RELAY ASSEMBLY - POWER BUS TIE,2,,
109-361030-9,RELAY ASSEMBLY - POWER INBD NAC,2,,
100-364378-7,RELAY CONTROL ASSEMBLY,1,,
LMD-5001-P,RELAY MODULE,2.5,,
90-341527-613,RELAY MODULE BUILD UP ASSEMBLY,1,,
91-360011-1,RELAY PC BOARDS,1.5,,
C100151-1,RELIEF VALVE,1.5,,
SM600BA10A1,REMOTE CONTROL CIRCUIT BREAKER,10,,
101-580298-601,RESERVOIR ASSEMBLY,1.5,,
50-580039,RESERVOIR ASSY - BRAKES,1,,
504247-403,RESTRAINT SYSTEM ASSY,2,,
504247-402-2255,RESTRAINT SYSTEM ASSY  FAWN,1,,
101-530855-1,RETAINER,1,,
101-530832-2,RETAINER-TRIM HEAD,2,,
130-384022-0005,REVERSIONARY PANEL,1,,
CM34067,RHEOSTAT,1.5,,
MS20427M3-6,RIVET  SOLID,1,,
002-381003-5,ROD END,2,,
131553-6M,ROD END - BRASS INSERT,1,,
50-440049-7,ROLLER ASSEM,2,,
101-430032-7,ROLLER ASSEMBLY - MAIN ACCESS DOOR,3,,
50-364261-15,ROTATING BEACON ASSEM   VERTICAL STAB,1,,
96-630000-623,RUD ASSEMBLY,3,,
VP400KHAC,SAFT B-CELL**RA***,1,,
MS24694-S4,SCREW  MACHINE  FLAT CSK HEAD 100 DEGREE,0.01,,
50-524314-5,SCREW-TAB ACTUATOR,2,,
(D)U700413-123,SEAL,1,,
002-430008-411,SEAL,2,,
101-420126-1,SEAL,3,,
109-910027-29,SEAL,0.5,,
131726-3,SEAL,1,,
3016576,SEAL,1.5,,
3022375,SEAL,2,,
3022376,SEAL,2,,
50-300011-39,SEAL,0.8,,
50-430043-1211,SEAL - MAIN ACCESS DOOR,2,,
101-420209-0001,SEAL - STORM WINDOW,3,,
50-420013-315,SEAL - UPPER CABIN ASSEMBLY,2,,
50-300010-51,SEAL 68-216,0.5,,
50-420013-1101,SEAL ASSEMBLY,4,,
7112FR160T,SEAL ASSY,1.5,,
50-430061-27,SEAL ASSY  DOOR,2,,
50-420013-1163,SEAL ASSY - ENCLOSURE ASSEMBLY -,1,,
101-910049-85,SEAL LOWER AFT COWLING,2,,
3026652,SEAL PROP,5,,
50-430182,SEAL THRESHOLD - M      ACCESS DOOR,1,,
PR1425B 1/2,SEALANT 6OZ TUBE*RA-T,1,,
101-384246-1,SEAL-CARGO TEAR DROP STORM & COCKPIT WIN,8,,
90-380030-3,SEAL-COCKPIT WINDOW,2,,
50-410015-65,SEAL-NOSE DOOR COMPT,4,,
50-430182-5,SEAL-THRESHOLD AIR      STAIR DOOR,3,,
50-430182-3,SEAL-THRESHOLD AIRSTAIR DOOR,2.5,,
15795-1002-32,SEAT ASSEMBLY-CO-PILOT,1.5,,
190-1057-3,SEAT BACK EMBLEM ASSEMBLY,2,,
504247-401,SEAT BELT ASSEMBLY,1,,
504247-402,SEAT BELT ASSY,1,,
128-380071-23,SEAT BELT HARNESS ASSEMBLY,2,,
101-420119-1,SEAT TRACK,2,,
39221-01-01,SECONDARY FLIGHT DISPLAY,1,,
V60011,SEDONA CHROMA AIR URETHANE,0.01,,
AYLF50304,SENSE ELEMENT,1.5,,
101-364179-1,SENSOR ASSEMBLY - AMBIENT LIGHT,1.5,,
101-361143-1,SENSOR ASSEMBLY-OVERCURRENT HALL EFFECT,2,,
101-388008-3,SERVICE VALVE,2,,
1900-7 4-1,SERVO,3.5,,
101-524973-1,SERVO ASSEMBLY - RUDDER BOOST,2,,
117-910058-5,SHAFT,2,,
23046-1121,SHAFT DRIVE,1.3,,
101-910128-3,SHIELD ASSY - AFT UPR,4,,
101-364387-5,SHIELD-MOISTURE,1,,
101-820074-601,SHOCK ABSORBER  NOSE - FORK & AXLE,8,,
101-820074-1,SHOCK ABSORBER FORK & AXLE ASSEMBLY,3,,
50-810099,SHOE-LDG GR DRAG BRAKE,1,,
3030359,SHORT CHIP DETECTR,0.5,,
101-389015-3,SHUT OFF VALVE,2,,
90-120011-23,SKIN ASSEMBLY-LE LH C SECTION,8,,
109-910024-7,SKIN ASSY,1,,
99-130000-199,SKIN BOND ASSEMBLY,8,,
50-980002-7,SKIN-NAC FUEL CELL DOOR,1.5,,
50-980002-35,SKIN-NAC INSTAL-REAR,4,,
000-170000-55,SKIN-WING TIP ASSEMBLY,1,,
3026887,SLEEVE,2,,
D40364,SLIP RING PROP(OS),8,,
NAS670-75,SNAP RING - EXTERNAL RETAINER,0.5,,
123554,SNUBBER,1.5,,
AE95993H,SOCKET,1,,
1310-105,SOLENOID,3,,
189894-001,SOLENOID,2,,
20624-4,SOLENOID,1,,
101-380018-5,SOLENOID VALVE,2,,
50-389096-1,SOLENOID VALVE,1,,
623372,SOLENOID VALVE,3,,
717 SOLENOID,SOLENOID VALVE,2.5,,
101-410095-31,SPARES CONE ASSEMBLY,10,,
TS1020K,SPEAKER,1,,
275 SPIGOT,SPIGOT,0.7,,
190-1010-1,SPIGOT ASSY,1,,
C3425P,SPINNER,2,,
100942AG0206-136,SPRING  EXTENSION,0.5,,
101-430275-1,SPRING  TORSION,1,,
50-384062-3,SPRING  TORSION,0.5,,
50-524481-3,SPRING ASSEMBLY-RUD RETURN,1,,
50-440012-380,SPRING MAIN ACCESS DOOR,4,,
101-530349-9,SPRING STOP-VISOR INSTALLATION SUN,1,,
96-950004-151,STACK TUBE ASSEMBLY - EXHAUST SYSTEM,3,,
96-950004-159,STACK TUBE ASSEMBLY - EXHAUST SYSTEM,3,,
100-389005-11,STARTER GEN*C SSTX,2,,
101-389007-1,STARTER GENERATOR,3,,
23048-016,STARTER GENERATOR,2.5,,
23085-001,STARTER/GENERATOR,2,,
PC-251-123D,STATIC INVERTER,2,,
PC250,STATIC INVERTER 250 VA,2,,
TR747-06,STEM VALVE,1,,
MCOC28926-651,STEP ASSEMBLY WITH LIGHT,3,,
101-531197-7,STOP,1,,
101-530651-11,STOP ASSY SUNVISOR,1,,
50-420083-35,STOP-STORM WINDOW,1,,
101-420080-1,STORM WINDOW,2,,
101-420080-2,STORM WINDOW,2,,
50-420083-46,STORM WINDOW,2.5,,
101-420080-5,STORM WINDOW (DRILLED),2,,
101-420080-6,STORM WINDOW (DRILLED),2,,
101-420080-7,STORM WINDOW (UNDRILLED),4,,
101-420080-8,STORM WINDOW (UNDRILLED),4,,
101-420122-603,STORM WINDOW ASSEMBLY - CREW ENCLOSURE,1.7,,
101-420122-604,STORM WINDOW ASSEMBLY - CREW ENCLOSURE,1.7,,
101-420122-606,STORM WINDOW ASSEMBLY - CREW ENCLOSURE,2,,
101-420122-609,STORM WINDOW ASSEMBLY - CREW ENCLOSURE,2,,
101-420122-610,STORM WINDOW ASSEMBLY - CREW ENCLOSURE,2.5,,
50-420083-602,STORM WINDOW ASSEM-CREW ENCL,2,,
99-580109-1,STOW CLIP,0.5,,
000-110105-71,STRIP-SEAL-CANT W.S.    99.616 LEADING E,10,,
000-110105-72,STRIP-SEAL-CANT W.S.    99.616 LEADING E,10,,
01-0790028-01,STROBE LIGHT,1.5,,
30-1331-3,STROBE LIGHT,1,,
30-1331-5,STROBE LIGHT,2,,
100-384118-18,STROBE LIGHT ASSY (GREEN) NAV RECOG,2,,
100-384118-17,STROBE LIGHT ASSY (RED) NAV RECOG,2,,
30-1329-5M,STROBE RED W/P&R,2,,
A500ASP-V-28,STROBE/NAV LIGHT,2,,
101-384133-1,SUCTION GAUGE,1.5,,
101-530651-19,SUNVISOR ASSY,1.5,,
101-530651-25,SUNVISOR ASSY,1.5,,
101-531228-15,SUNVISOR ASSY,1.5,,
126106,SUPERCHARGER,1.3,,
90-524115-1,SUPPORT - SERVO  RUDDER BOOST,0.7,,
50-810292-1,SUPPORT ASSEMBLY-RESTRICTOR  LDG GR,4,,
101-530349-3,SUPPORT ASSEMBLY-SUN VISOR INSTALLATION,1,,
1322ZMK3,SWITCH,6,,
13AT10S,SWITCH,2,,
13AT4S,SWITCH,1.5,,
1EN51S,SWITCH,2,,
30-1,SWITCH,1,,
444EN49-6,SWITCH,4,,
601-4300,SWITCH,1,,
601-4312,SWITCH,1.5,,
7401TZQE,SWITCH,2,,
BZ7RW82255518T,SWITCH,2,,
L-18366-3,SWITCH,1,,
MS24524-26,SWITCH,3.5,,
MS24658-21L,SWITCH,1.5,,
MS24658-23D,SWITCH,2,,
MS25008-1,SWITCH,3,,
P2-110311,SWITCH,1.5,,
STD989-1,SWITCH,0.5,,
V3-1,SWITCH,1.3,,
101-384028-41,SWITCH  BAROMETRIC PRESSURE,2,,
101-384028-43,SWITCH  BAROMETRIC PRESSURE,2,,
404EN1-6,SWITCH - ENCLOSED,2.5,,
132516-P4103,SWITCH - GND COM-ILLUMINATED FOUR POLE,2,,
101-384028-29,SWITCH  PRESSURE,2,,
101-384028-31,SWITCH  PRESSURE,4,,
101-384028-33,SWITCH  PRESSURE,2,,
132516-P1105,SWITCH - PROP SYNC ANNUNCIATOR,2,,
309-4301,SWITCH  ROCKER,1.5,,
10648BT1-3,SWITCH (GND COMM PWR),1,,
L18366-3,SWITCH (J20125-03),1,,
122-382088-7,SWITCH ASSEM,1,,
101-364628-3,SWITCH ASSEMBLY,2,,
101-384119-5,SWITCH ASSEMBLY,2,,
101-384028-47,SWITCH ASSEMBLY - BAROMETRIC PRESSURE,2,,
50-364314-71,SWITCH ASSEMBLY  FLAP,4,,
101-364628-1,SWITCH ASSEMBLY - GEAR POS,2,,
101-384137-3,SWITCH ASSEMBLY - LANDING GEAR CONTROL,4,,
101-384137-7,SWITCH ASSEMBLY - LANDING GEAR CONTROL,3,,
101-384137-9,SWITCH ASSEMBLY - LANDING GEAR CONTROL,3,,
90-361037-3,SWITCH ASSEMBLY - MAIN LANDING GEAR,3,,
101-364628-9,SWITCH ASSEMBLY - NOSE GEAR  DOWN LOCK,2,,
90-364123-3,SWITCH ASSEMBLY  THERMAL,1,,
101-364205-1,SWITCH ASSEMBLY - THERMAL,3.5,,
99-364161-7,SWITCH ASSEMBLY - TRANSISTOR,1.5,,
99-340253-1,SWITCH ASSEMBLY CONTROL WHEEL,1,,
90-361037-1,SWITCH ASSEMBLY MAIN LANDING GEAR,3,,
90-410011-603,SWITCH ASSEMBLY NOSE DOOR,2.5,,
90-364123-1,SWITCH ASSEMBLY THERMAL,2,,
90-520113-601,SWITCH ASSEMBLY WIRE LIMIT FLAP,2,,
101-570021-15,SWITCH ASSEMBLY-FIRE EXTINGUISHE,1,,
90-369016-1,SWITCH ASSEM-ELECT      OPTIC,1.5,,
122-382088-5,SWITCH LIGHT ASSEM,1,,
122-382170-9,SWITCH LIGHT ASSY,0.5,,
122-382170-5,SWITCH LIGHT ASSY-EXTINGUISHER DISCHAR,0.5,,
804-001,SWITCH PANEL,1,,
805-000,SWITCH PANEL,1,,
805-001,SWITCH PANEL,1,,
132516-P4101,SWITCH-ILLUMINATED FOUR POLE SWITCH,2,,
101-388010-1,SWIVEL FITTING,2.5,,
A213796,SYNCHROPHASER CONTROL BOX,2,,
50-389091,SYNCHROSCOPE INDICATOR  ENG/PROP,1,,
6900027-004,SYNCHROSCOPE INDICATOR  ENG/PROP,1.5,,
50-610017-35,TAB ASSEM-ELEV TRIM,4,,
101-380118-3,TABLE ASSEMBLY,2,,
90-380044-1,TABLE ASSY,1.5,,
50-389057,TACH GEN,1,,
50-389057-1,TACH GENERATOR,1.5,,
90-384028-5,TACHOMETER,0.5,,
50-440066-605,TAIL CONE ASSEMBLY,2,,
01-0770144-00,TAIL FLOODLIGHT ASSEMBLY,2,,
01-0770144-01,TAIL FLOODLIGHT ASSY,2,,
100-384118-5,TAIL STROBE LIGHT,1,,
80037-103,TANK,1,,
17000-380,TANK ASSEMBLY,1,,
101-920093-1,TANK ASSY (REFER TO DESIGN DATA 2 NOTES),1,,
17000-311,TANK ASSY TOILET,2.5,,
50-110028-708,TE FLAP UPPER,30,,
HYLZ50336-001,TEMP CONTROLLER,4,,
MS28034-3,TEMPERATURE BULB,1,,
101-364205-5,THERMAL SWITCH ASSEMBLY,1.5,,
C100030-1,THERMISTOR,3,,
300-0751-1,THERMISTOR PROBE ASSEMBLY,2,,
97-380000-17,THERMOSTAT,2.5,,
G-714127,THERMOSTAT,2,,
26N030T,TIME DELAY RELAY,1,,
3E1964-3,TIMER,1,,
58-380105-1,TIMER,1.5,,
C45114,TIMER,1,,
90-364247-3,TIP ASSY,2,,
028-335-3,TIRE,2,,
115-8001-49,TIRE,1.5,,
22 675X10 8P TL,TIRE,1,,
850T06-3,TIRE  8.50-10,2,,
850T86-2,TIRE  8.50-10  FLC III 160 C NY TL,2,,
025-350-0,TIRE - MLG 8.50-10/10 PR/160 MPH,1.5,,
50-300010-151,TIRE & WHEEL ASSEMBLY,2,,
301-345-870,TIRE 18X5.5 10,1,,
185F88-6,TIRE 18X5.5 8,2,,
301-341-860,TIRE 18X5.5 8,1,,
196K08-9,TIRE 19.5X6.75,2,,
021-523-0,TIRE 22X6.75-10,2,,
265F86-8,TIRE 22X6.75-10,2,,
301-393-190,TIRE 22X6.75-10,1,,
301-393-353-D7201,TIRE 22X6.75-10,2,,
301-042-190,TIRE 6.50-10 6,2,,
650T66-1,TIRE 6.50-10 6,2,,
650T66-3,TIRE 6.50-10 6,2,,
076-367-0,TIRE 6.50-10 PLY6,2,,
50-300010-107,TIRE 8 50X10 8P TL,1,,
850T06-1,TIRE 8.50-10,2,,
301-125-190,TIRE 8.50-10 10,2,,
850T86-1,TIRE 8.50-10 8,2,,
301-124-190,TIRE 8.50-10 8PLY           SEE 850T86-1,1,,
021-350-0,TIRE 8.50-10 PLY10,2,,
061-350-0,TIRE 8.50-10 PLY10,2,,
021-349-0,TIRE 8.50-10 PLY8,2.5,,
025-349-0,TIRE 8.50-10 PLY8,2,,
90-21-349-0711,TIRE 8.50-10 PLY8,1.5,,
026-618-0,TIRE H22X8.25-10,1,,
850C86-1,TIRE TT 8.50-10 8,2.5,,
100-384116-5,TORQUE INDICATOR,2,,
91-380012-3,TORQUE INDICATOR,1,,
100-389021-1,TORQUE TRANS,1,,
100-389021-3,TORQUE TRANS,2,,
130-389002-3,TORQUE TRANSMITTER,1.5,,
99-389014-3,TORQUE TRANSMITTER,2,,
400-0125-2000,TRANSCEIVER RT-18D,4,,
101-389003-3,TRANSDUCER,2,,
795-9,TRANSDUCER,4,,
1/2-2-81-306,TRANSMITTER,2,,
50-380108,TRANSMITTER,1.5,,
559-1,TRANSMITTER,1.5,,
AN5786-1,TRANSMITTER,1,,
453-0150,TRANSMITTER  ELT110-4(BEECH)*RA-N,1,,
130-389002-1,TRANSMITTER-TORQUE,1.5,,
131823E4M1360,TUBE,0.5,,
3011155,TUBE,1,,
3014055,TUBE,1,,
3027974,TUBE,3,,
3028118,TUBE,3,,
3045999-01,TUBE,1,,
90-820015-1,TUBE AND NUT ASSEMBLY,2.5,,
100-920027-2,TUBE ASSEMBLY,1,,
90-555038-7,TUBE ASSEMBLY,3.5,,
90-580046-1,TUBE ASSEMBLY,0.5,,
99-570024-1,TUBE ASSEMBLY FLEX,2,,
50-921570-37,TUBE ASSEMBLY-FUEL INSTALLATION,1,,
90-555037-601,TUBE ASSY-FREON         DRYER TO EXP VAL,8,,
3020665,TUBE OIL PRESS,1.5,,
3035890,TUBE TRANS ASSY.,1,,
50-380034-3,TURBINE INDICATOR,1,,
50-380024,TURN & BANK,1,,
91-380019-1,TURN & SLIP,1,,
101-380030-9,TURN & SLIP INDICATOR,1,,
101-380031-11,TURN & SLIP INDICATOR - 2 IN (LIGHTED),2,,
101-380031-1,TURN & SLIP INDICATOR UNLIGHTED,1.5,,
300-1409-1,TURN BUCKLE ROD END  LH,1,,
DK120,UNDERWATER BEACON,2,,
101-531385-13,UPHOL COVER ASSEMBLY CT S/N REQ D),0.01,,
50-534552-633,UPHOL PANEL ASSEMBLY-MAIN  ACCESS DOOR,2.5,,
50-534552-634,UPHOL PANEL ASSEMBLY-MAIN ACCESS DOOR,3.5,,
100-920067-1,VALVE,1,,
1532-10C,VALVE,5,,
3027249,VALVE,2,,
3100829-03,VALVE,2,,
50-380170-15,VALVE,4,,
723747,VALVE,4,,
K4566-3,VALVE,2,,
101-380027-1,VALVE  3 PORT,2,,
101-389025-1,VALVE - FIREWALL SHUTOFF  GATE TYPE,2,,
101-389025-5,VALVE  FUEL SHUTOFF *RA*,2,,
101-384144-3,VALVE ASSEMBLY,5,,
101-384173-1,VALVE ASSEMBLY - CHECK ENVIRONMENTAL,4,,
101-384173-13,VALVE ASSEMBLY - CHECK ENVIRONMENTAL,4.5,,
101-384173-17,VALVE ASSEMBLY - CHECK ENVIRONMENTAL,4.5,,
50-554341-67,VALVE ASSEMBLY BY PASS,4,,
50-554341-69,VALVE ASSEMBLY BY PASS,4,,
101-380021-7,VALVE ASSEMBLY SOLENOID,5,,
101-550087-25,VALVE ASSEMBLY-BYPASS ENVIRNMT BLEED AIR,2,,
101-380018-3,VALVE ASSEMBLY-SOLENOID PNEUMATIC SYS,1.5,,
101-380021-3,VALVE ASSEM-SOLENOID,1,,
101-380018-1,VALVE ASSEM-SOLENOID PNEUMATIC SYS,2,,
101-381000-9,VALVE ASSY,1.5,,
35-380065-7,VALVE ASSY,1,,
38-617,VALVE ASSY-POWER BRAKE RELAY,2,,
100-389017-1,VALVE DRAIN,2,,
3006505,VALVE DRAIN COMB,2,,
226-203,VALVE EXP,5,,
AR-B3-5-1,VALVE FILTER,0.5,,
90-380000-5,VALVE REGULATOR ASSEM,2,,
390-385036-0009,VALVE-PRESSURE REG. SHUTOFF W/CHECK,5,,
101-389026-1,VAPOR BARRIER,1,,
112054,VENT HEATER FUEL,1,,
100-384054-1,VERTICAL SPEED INDICATOR,4,,
90-384036,VHF COMM ANTENNA,2.5,,
101-384233-1,VOLT & AMP INDICATOR,1,,
A7079B24,VOLT 40 WATT LIGHT,1,,
101-384107-1AC,VOLT FREQ INDICATOR (SEE 101-384107-1),1.5,,
50-380067,VOLT LOAD METER,2,,
101-384078-1,VOLT METER,1,,
51530-007B,VOLTAGE REGULATOR,1,,
MS21258C24,WASHER,0.5,,
50-105000-3,WASHER-FLAP TRACK INSTAL,1,,
A025-1,WATER TANK,0.3,,
A042-1,WATER TANK STOR ST,0.5,,
MSBS90-500N72A,WAVEGUIDE,16,,
90-530140-9,WEB ASSEM- AFT BAGGAGE  RH SIDE,0.8,,
109-910029-607,WELD ASSEM,20,,
101-555020-5,WELD ASSEM - RECEIVER DRYER,1,,
101-910062-13,WELD ASSEM-LWR ADAPTER  STARTER GEN,1,,
VO-4026,WHEAT LEATHER,0.01,,
50-300011-41,WHEEL,2,,
101-8015-3,WHEEL ASSEMBLY,1,,
50-524539,WHEEL ASSY - DRIVE ELEV TAB CONT,1,,
50-300010-133,WHEEL ASSY (vpn 3-1208-1 opp1),1,,
115-8001-18,WHEEL HALF,1,,
300-257,WHEEL HALF  INNER,2,,
50-300010-109,WHEEL HALF ASSEMBLY,2,,
50-300010-87,WHEELINNER,2,,
101-430183-5,WINDOW,4,,
101-440042-1,WINDOW,8,,
50-420013-1053,WINDOW - ENCLOSURE,2,,
50-440014-837,WINDOW - FUSELAGE,3,,
101-420081-9,WINDOW - PILOTS LAMINATED LH,10,,
101-420122-51,WINDOW ASSEMBLY L/H,2,,
101-531087-608,WINDOW ASSEMBLY LH,3,,
101-420122-52,WINDOW ASSEMBLY R/H,2,,
101-531087-607,WINDOW ASSEMBLY RH,3,,
101-530536-1,WINDOW ASSEM-POLAR,3,,
101-430183-3,WINDOW CABIN SKIN & WINDASSEM-SIDE ERCO,2,,
50-420066-353,WINDOW CREW ENCLOSURE,2,,
50-420066-354,WINDOW CREW ENCLOSURE,2,,
50-420066-317,WINDOW-CREW ENCLOSURE,4,,
50-420066-318,WINDOW-CREW ENCLOSURE,6,,
101-420081-5,WINDOW-PILOTS LAMINATED,7,,
50-420083-26,WINDOW-STORM-CREW,2,,
50-361127-5,WINDOW-WING ICE LIGHT,0.5,,
101-384025-7,WINDSHIELD,16,,
101-384025-8,WINDSHIELD,10,,
101-384025-24,WINDSHIELD ASSEMBLY RH,12,,
101-384025-22,WINDSHIELD RH,12,,
604-7039-1,WINDSOR MAHOGANY GLOSS,5,,
000-170001-604,WING TIP ASSEM OUT      WING,3.5,,
3028604,WIRE HARNESS,7,,
3040110,WIRE HARNESS,5,,
3031417CL40,WIRING HARNESS,1,,
3031417CL45,WIRING HARNESS,4,,
A-7615,WORM-WHEELS&PINION,1.5,,
