customer_name,website,source,notes
Atlantic Aviation,atlanticaviation.com,corridor.aero/customers,Large FBO chain; 100+ locations; Corridor enterprise customer
Clay Lacy Aviation,claylacy.com,corridor.aero/customers,Premium business aviation operator; Van Nuys CA HQ; CA-based MRO
Constant Aviation,constantaviation.com,corridor.aero/customers,Major MRO with 30+ locations; Cleveland OH HQ
Cutter Aviation,cutteraviation.com,corridor.aero/customers,Southwest FBO/MRO chain; Phoenix AZ based
Eagle Copters,eaglecopters.com,corridor.aero/customers,Helicopter MRO; Calgary Canada HQ
ExecuJet MRO Services,execujet.com,corridor.aero/customers + case study,Global MRO; Next Gen Service Center case study with Corridor
Gama Aviation,gamaaviation.com,corridor.aero/customers,Business aviation services; UK/US operations
Jet Aviation,jetaviation.com,corridor.aero/customers,General Dynamics subsidiary; global FBO/MRO
Million Air Dallas,millionairdallas.com,corridor.aero/customers + case study,"FBO chain with Corridor; case study on maintenance operations"
OmniMX,omnimx.com,corridor.aero/customers,MRO services
PAA (Professional Aviation Associates),gopaa.com,corridor.aero/customers,Aviation parts distributor + repair
Stevens Aviation,stevensaviation.com,corridor.aero/customers,"Multi-location MRO; Greenville SC + Dayton OH + Centennial CO"
West Star Aviation,weststaraviation.com,corridor.aero/customers + case study,"Major independent MRO; Grand Junction CO HQ; AI Operations Manager early adopter"
Wheels Up,wheelsup.com,corridor.aero/customers,"Membership-based private aviation; NYSE: UP"
ACI Jet,acijet.com,corridor.aero/case-studies,"SoCal FBO/MRO; AI Operations Manager deployment (Oct 2025)"
WarDaddy Aviation,wardaddyaviation.com,corridor.aero/blog,"Charter + Part 145; chose CORRIDOR for growing operations"
