BB - SUPER KING AIR 200/B200 SERIES, ,,,
Valid for Models BB  BC  BD  BJ  BL  BN  BP  BT  BU  BV  BW  BY  FE  GR, ,,,
s/s from pn# 100-384118-25, ,,,
Includes required static test., ,,,
8-5-08 Matt Wise, ,,,
Changed 8/28/08 DW, ,,,
for qty of 2 ea., ,,,
Decowl rmove duct trim 1hr ea.Drill intsl 2 ea reinst cowl 1 hr, ,,,
Decowl rmove duct trim 1hr ea.Drill intsl 2 ea reinst cowl 1 hr, ,,,
Decowl rmove duct trim 1hr ea.Drill intsl 2 ea reinst cowl 1 hr, ,,,
Entered 2/1/09 per Workflow notif, ,,,
8hrs pr BL incls defuel &amp; calibrate, ,,,
Troubleshooting to locate may be extensive., ,,,
8/21/07 per RC - Per inspection BB052123, ,,,
see tech support, ,,,
wl-tm 10/23/07, ,,,
FRCR #122 11/9/07, ,,,
aft(2.0)---forward (6.0), ,,,
time to bleed brake is included, ,,,
includes static test time, ,,,
6hrs total=2hrs r&amp;r 4hrs for pitot/static test, ,,,
to change tube, ,,,
Includes static system check, ,,,
chgd Matt Wise 8/24/07 was 2.0, ,,,
01-0770024-25, ,,,
Includes both proline &amp; non-proline a/c, ,,,
Proline cabin/rear fuselage insp  12/1/07 sl, ,,,
Includes both proline &amp; non-proline a/c, ,,,
Proline Ops Insp Phase II  12/1/07 sl, ,,,
Includes both proline &amp; non-proline a/c, ,,,
Proline phase III Ops insp  12/1/07 sl, ,,,
Includes both proline &amp; non-proline a/c, ,,,
Proline phase IV Ops insp  12/1/07 sl, ,,,
**To be claimed at initial 200 phase inspect only** For additional items, ,,,
rod clark 10/20/08, ,,,
Includes both proline &amp; non-proline a/c, ,,,
Includes both proline &amp; non-proline a/c, ,,,
FAR 91.411 &amp; 91.413 OK to + 2hrs for RVSM check @ insp., ,,,
Flat Rate to R&amp;R  Allow O/S invoice  for test., ,,,
11/9/07 FRCR #123, ,,,
includes all 3 actuators  *TM 8/14/08, ,,,
3 yrs fr to R&amp;R  Allow o/s inv for test. lightweight comp(see Rod Clark), ,,,
5 yrs fr to R&amp;R  Allow o/s inv for test. Std. weight (see Rod Clark), ,,,
3 yrs fr to R&amp;R  Allow o/s inv for test. Lightweight (see Rod Clark), ,,,
ref: pn# RG-380/44K, ,,,
ref: pn# RG-380/44K, ,,,
ref: pn# 501-1228, ,,,
Proline Spec.Autopilot Insp, ,,,
Proline Spec.ESIS Periodic, ,,,
Proline Spec.ESIS Cap Test, ,,,
do no use, ,,,
Includes both proline &amp; non-proline a/c, ,,,
Includes both proline &amp; non-proline a/c, ,,,
Proline Complete Insp  12/1/07 sl, ,,,
allow for tbs per narrative &amp; a/c, ,,,
see tech support, ,,,
see tech support, ,,,
check with dave r. 6/26/07, ,,,
BB052134, 2  YR  ALT / TRANSPONDER ATC INSPECTION,10,,
101-555214-3, COMPRESSOR ASSY-        AIR CONDITIONIN,4,,
31-3376-3,* LENS ASSY,1,,
CCA-4850,1/8 PIPE DRAIN VALVE INSTALLATION,1,,
301-392-640,22X6.75-10 10P TL,2,,
A-7512-24,28 VOLT LIGHT LIGHT,0.5,,
101-555211-7,A/C COMPRESSOR ASSEM.,3,,
114-110053-3,ACCESS DOOR - FUEL  WET WING,1,,
101-388009-5,ACCUMULATOR *RA-N,2.5,,
101-389006-11,ACTUATOR,1,,
101-389006-7,ACTUATOR,1,,
106-384001-5,ACTUATOR,2,,
106-384001-6,ACTUATOR,2,,
112-380022-21,ACTUATOR,3,,
58-380080-3,ACTUATOR,2,,
106-384001-3,ACTUATOR ASSEM,2,,
50-524161-607,ACTUATOR ASSEM,10,,
101-521016-2,ACTUATOR ASSEMBLY - FLAP  INBOARD,3,,
129-521050-2,ACTUATOR ASSEMBLY - FLAP  INBOARD,2,,
129-521050-6002,ACTUATOR ASSEMBLY - FLAP  INBOARD,5,,
129-521051-1,ACTUATOR ASSEMBLY - FLAP  INBOARD,2,,
129-521051-2,ACTUATOR ASSEMBLY - FLAP  INBOARD,4,,
129-521051-6001,ACTUATOR ASSEMBLY - FLAP  INBOARD L/H,1,,
129-521051-6002,ACTUATOR ASSEMBLY - FLAP  INBOARD R/H,2,,
129-521050-6001,ACTUATOR ASSEMBLY  INBOARD FLAP,5,,
101-524079-3,ACTUATOR ASSEMBLY - RUDDER TRIM TAB,3.5,,
101-524072-1,ACTUATOR ASSEMBLY ELEVATOR TAB,4,,
114-389039-23,ACTUATOR ASSEMBLY ICE VANE,2,,
50-820208-5,ACTUATOR ASSEMBLY-NOS,6,,
106-384001-15,ACTUATOR ASSY,2,,
106-384001-16,ACTUATOR ASSY,2,,
130-524052-17,ACTUATOR ASSY - LH,5,,
112-380022-9,ACTUATOR CYLINDER-NOSE,6,,
101-388014-11,ACTUATOR HI FLO,16,,
101-388014-15,ACTUATOR HI FLO,6,,
101-388014-3,ACTUATOR MG FLOT,6,,
JV-5,ACTUATOR SWITCH,2,,
3702-1,ACTUATOR THERM /OIL COOLER DOOR/,6,,
NYLC50427,ACTUATOR-ELECTRO-MECHANICAL,4,,
3100453-03,ADAPTER ASSEM,0.01,,
97-910024-27,ADAPTER ASSEMBLY - BLEED AIR,1,,
50-921604-26,ADAPTER ASSEMBLY - FUEL SYSTEM,2,,
AD32.32.53F.28.1RA,ADDU,0.5,,
43-1-13-0,ADJUSTABLE GRIP LATCH MIDGET SIZE,3,,
101-440042-3,AFT CABIN WINDOW,8,,
101-440042-4,AFT CABIN WINDOW,8,,
201-0657-1,AFT MIXING BOX ASSEMBLY,3,,
99-130000-622,AILERON ASSEMBLY -RH,8,,
101-130001-325,AILERON ASSEMBLY-L,2,,
101-130001-327,AILERON ASSEMBLY-R/H,2,,
9D-80130-31,AIR DATA DISPLAY UNIT,5,,
101-380039-1,AIR FILTER,1,,
P-1018,AIR FILTER ELEMENT,3.5,,
3024906,AIR FILTER KIT,0.8,,
3028879,AIR FILTER KIT,0.4,,
3055-03,AIR OUTLET VALVE,0.5,,
101-384030-3,AIR SPEED IND.,1,,
2515,AIR VENT,0.4,,
101-388005-15,AIRIG PWR PACK ASY,10,,
101-384074-11,AIRSPEED INDICATOR,3,,
90-380028-9,AIRSPEED INDICATOR,6,,
58-380069-3,ALTIMETER,2,,
45100D4010,ALTITUDE ALERT,2,,
10379-11-01,ALTITUDE ALERTER,1,,
101-8027-5,ALUM NOSE WHEEL,2,,
90-380007-13,AMMETER,1,,
MDL2,AMP FUSE,1,,
240 AMPLIFIER,AMPLIFIER,1,,
9B-81040-20,ANALOG INTERFACE UNIT,2,,
99-230-6H1-3996,ANNUNCIATOR ASSY,1,,
101-384080-1,ANNUNCIATOR BOX ASSEM 36 CHANNEL LOWER,8,,
101-384084-285,ANNUNCIATOR LEGEND ASSEMBLY,1,,
132516P2102,ANNUNCIATOR-ILLUMINATED FOUR POLE SWITCH,1,,
100-384125,ANTENNA,1.5,,
10704,ANTENNA,1.5,,
121-014378-01,ANTENNA,3,,
110-320,ANTENNA  406 ROD,1,,
071-01550-0101,ANTENNA  RECEIVER TRANSMITTER (ART 2100),4,,
16390,ANTENNA LEAD THRU,2,,
90033-4,ANTI COLLISION LIGHT ASSY,2,,
90033-8,ANTI COLLISION LIGHT ASSY,2,,
01-0790033-04,ANTI-COLLISION LIGHT ASSEM.,2,,
101-920061-37,ANTI-SIPHON ASSEMBLY  FUEL FILLER,7,,
99-384026-1,ARM ASSEM,1.5,,
100-920067-5,ARM ASSEMBLY,1,,
101-521052-23,ARM ASSEMBLY-FLAP LIMIT SWITCH,1,,
99-384026,ARM ASSY,1,,
2020-1/0,ASH TRAY BLACK,0.5,,
2020-1,ASH TRAY SILVER,0.4,,
50-384203-3,ATTITUDE GYRO,1.5,,
390-382064-0001,ATTITUDE INDICATOR,1,,
438,AUDIO AMPLIFIER,1.5,,
438-003,AUDIO AMPLIFIER,2,,
DB204,AUDIO AMPLIFIER,2,,
DB438,AUDIO AMPLIFIER,2,,
700-006,AUDIO AMPLIIFIER,2,,
600-001,AURAL WARN TONE GENERATOR,1,,
630-004,AURAL WARNING GENERATOR,2,,
101-000007-603,B200 PLASTIC RADIO PANEL (SHIP SERIAL),1.5,,
101-029573-603,B200 SPECIAL            EDITION PLASTIC,4,,
101-910119-223,BAFFLE,1,,
101-910024-60,BAFFLE FWD LOWER COWLING,8,,
101-384028-1,BAROMETRIC PRESS SWITCH,3.5,,
101-384028-23,BAROMETRIC PRESS SWITCH,2,,
101-384028-27,BAROMETRIC PRESSURE SWITCH,2,,
(D)50-820007-3,BARREL,1,,
50-820042-605,BARREL ASSEMBLY-NOSE STEER FRONT LINK,2,,
50-820007-3,BARREL-NOSE GEAR SHIMMY DAMPER,3,,
101-389026-3,BARRIER ASSY,1,,
C452,BATA RING,14,,
101-381008-7,BATTERY  36AH Saft  Model # 4057  *RA,1.5,,
452-0133,BATTERY  ELT *RA,1,,
9750W0538,BATTERY  SEALED *RA*,1,,
RG380E/44K,BATTERY (USE RG-380E/44K)  *RA,1,,
RG-380E/44,BATTERY *RA-N,1,,
RG-380E/60K,BATTERY L-A - 48 AMP HOUR *RA-N,1,,
RG-380/44K,BATTERY LEAD ACID 24 VOLT**RA-N,1,,
RG-380E/44K,BATTERY VRSLA 24 VOLT  *RA,1,,
RG-380E/40B,BATTERY-SEAL ACID*RA-N,1,,
(D)40-0103-31,BEACON  RED,1,,
40-0127-1C,BEACON ASSY,1,,
G7740A19-24,BEACON LIGHT,1,,
13600LA13685,BEARING,1,,
19268,BEARING - CUP,0.5,,
115-380113,BEARING - SLEEVE  SHOCK ABSORBER PISTON,2,,
19150,BEARING  TAPERED ROLLER,1,,
B5120,BEARING BLOCK,1.5,,
13621,BEARING CUP,1,,
50-430043-223,BEARING-DOOR INSTL MAIN ACCESS,6,,
CA 8800/F17865,BEECH WHITE PAINT*RA,0.01,,
50-430042-15,BELLCRANK - FOLDING STEP  AIR STAIR DOOR,4,,
50-430042-6009,BELLCRANK-FOLDING AIRSTEP DOOR ASSY-MAIN,3.5,,
50-430042-9,BELLCRANK-FOLDING AIRSTEP DOOR ASSY-MAIN,4,,
115-389009-3,BELT,1,,
VO-4017,BIRCH LEATHER,0.01,,
A8970B-2-327,BLACK POST LIGHT,0.5,,
101-590024-1,BLEED AIR INTAKE SCOOP PLUG,0.1,,
8583-17,BLOCK,0.5,,
A3026,BLOCK UNIT,1,,
101-384135-3,BLOWER,2,,
60-384002-7,BLOWER,4,,
AI-BA128A-1,BLOWER,2.5,,
101-384004-1,BLOWER ASSEMBLY,6,,
101-384004-13,BLOWER ASSEMBLY,3,,
101-384004-5,BLOWER ASSEMBLY,3,,
98-0907-1,BLOWER ASSEMBLY,6,,
101-810146-1,BOLT,1,,
3009024,BOLT,1,,
B3339-1,BOLT,0.01,,
MS9565-06,BOLT,0.01,,
101-810090-3,BOLT - DRAG LEG ASSEMBLY,0.5,,
130909B175,BOLT  MACHINE  MAG INSPECTED,1,,
130909B177,BOLT  MACHINE  MAG INSPECTED,1,,
81786-10-18,BOLT  TENSION  INTERNAL WRENCHING,1,,
35-825005,BOLT ASSEMBLY - STEERIN ATTACH,0.5,,
101-810145-1,BOLT-DRAG BRACE UPPER MAIN GEAR,1,,
50-820106,BOLT-NOSE GEAR STE      LINK,4,,
101-120076-601,BOND ASSEMBLY,2,,
101-530668-601,BOND ASSEMBLY,3,,
101-120071-41,BOOT ASSEM-MOISTURE SEALWHEEL WELL,1,,
101-120071-42,BOOT ASSEM-MOISTURE SEALWHEEL WELL,1,,
B40245-50,BOOT DEICER PROP,3,,
4E2271-10,BOOT PROP DEICE,2.5,,
22225,BOSE HEADSET  AHX-02,1,,
295664-002,BOSE HEADSET-MODEL AHX-32-01,0.5,,
101-531219-3,BOTTOM FRAME WELD ASSEMBLY TOILET,3,,
101-364462-3,BOX ASSEM-BAT BUS CIR   BREAKER,4,,
101-384145-1,BOX ASSEMBLY,4,,
101-820024-5,BRACE ASSEMBLY,10,,
99-810028-15,BRACE ASSEMBLY-MAIN GEAR-STD,6,,
101-820035-1,BRACE ASSEM-N.G. DRAG   LOWER,1,,
101-514069-23,BRACKET ASSEMBLY DAMPNER,1.8,,
101-389056-3,BRACKET ASSY,1,,
101-8001-91,BRAKE ASSEMBLY,2,,
101-8002-3,BRAKE ASSEMBLY,2,,
100-524196-1,BRAKE ASSEMBLY-FRICTION ENGINE CONTROLAL,6,,
2-1576,BRAKE ASSY,2,,
101-380096-1,BRAKE ASSY-NON-ASBESTOS VPN 2-1576,2,,
164-20900,BRAKE DISC,3,,
90-380001-23,BRAKE MASTER CYLINDER,3,,
101-8002-11,BRAKE PLATE,1,,
SM50D7,BRAKE RELAY,2,,
50-430043-1197,BRAZE ASSEMBLY-DOOR INSTL MAIN ACCESS AI,4,,
50-384082-1,BRIDGE & BLADE ASSEMBLY,0.5,,
30300-1286,BRUSH,3,,
3E1443-2,BRUSH,3,,
3E2011-2,BRUSH MODULE ASSEMBLY,0.5,,
1982SP,BULB,0.5,,
327,BULB,0.5,,
A508-28V,BULB  28V,1,,
34-0226010-91,BULB 28V 150 WATT,1,,
A70828,BULB RECOG LIGHT,0.5,,
HG29,BULB RECOG LIGHT,0.5,,
MS3119E24-61,BULKHEAD RECEPTACLE,6,,
101-980041-29,BUMPER FENDER INST,2.5,,
3034181,BUS BAR  NEG.,3,,
3034180,BUS BAR POS.,3,,
105740X-ZV0312,BUSHING,0.5,,
101-810024-1,BUSHING TORQUE,0.5,,
105739X-YL1866,BUSHING-BEARING,1,,
101-910026-89,BUSHING-CONTROL INSTL,3,,
101-810094-1,BUSHING-DRAG LEG ASSEM,0.3,,
101-380026-3,CABIN ALT & DIFF PRESS IND,1,,
HYLZ50336-1,CABIN CONTROL TEMP,4,,
130346-11,CABIN PRESSURIZATION CONTROLLER,2,,
50-380026-1,CABIN TEMP INDICATOR,1,,
3027792,CABLE,3,,
3027987,CABLE,1,,
3119836-01,CABLE,1,,
99-380001-29,CABLE,16,,
99-380001-31,CABLE,16,,
101-380000-5,CABLE ASSEMBLY,8,,
132538A21,CABLE ASSEMBLY,2,,
1440-13,CABLE ASSEMBLY,1.5,,
1440-20,CABLE ASSEMBLY,1,,
822-1631-003,CABLE ASSEMBLY,0.01,,
90-384020-9,CABLE ASSEMBLY,2.7,,
101-364386-3,CABLE ASSEMBLY SWITCH CABIN DOOR,6,,
50-430043-437,CABLE ASSEMBLY-DOOR ASSEMBLY MAIN ACCESS,1.5,,
100-430046-37,CABLE ASSEMBLY-HANDRAIL AIRSTAIR DOOR,2,,
106-524051-15,CABLE ASSEMBLY-RUDDER RH,7,,
101-430120-1,CABLE ASSEMBLY-STEP ASSEM-MAIN ACCESS DR,2,,
101-514140-31,CABLE ASSEM-STEP MECH   AIRSTAIR DOOR,1,,
1440-19,CABLE ASSY,1.5,,
1440-21,CABLE ASSY,1.5,,
101-810018-1,CAM ASSEM,1,,
101-531002-9,CAM ASSEMBLY ARMREST,1,,
50-820221-19,CAM-LANDING GEAR DOOR ACCUATOR,3,,
50-820221-20,CAM-LANDING GEAR DOOR ACCUATOR,3,,
50-580039-9,CAP ASSEM-RESERVOIR     ASSEM-BRAKES,0.3,,
101-380051-1,CAPILLARY LINE-OXYGEN GAGE;CHECK VALVE,1,,
A3044,CARBON BLOCK ASSEM,2,,
A-3044,CARBON BLOCK ASSEMBLY,1,,
101-531397-7,CARPET ASSEMBLY,2,,
3015863,CARRIER,2,,
244-669,CARRIER & LINING,3.5,,
101-8001-243,CARRIER & LINING ASSEMBLY,2,,
101-8001-27,CARRIER244-416SSTX,3,,
260-1022-5,CERTIFICATE HOLDER,1,,
101-430180-1,CHAIN ASSEM FWD HANDRAILASSEM MAIN ACCES,0.5,,
109-910045-27,CHANNEL-FRAME-CANT. STA 39.26,2,,
101-389011-25,CHECK VALVE,0.5,,
101-389011-27,CHECK VALVE,2,,
101-389011-31,CHECK VALVE,2,,
101-389011-33,CHECK VALVE,2,,
101-389011-39,CHECK VALVE,4,,
101-389011-65,CHECK VALVE,2,,
50-380170-11,CHECK VALVE,2,,
50-380170-27,CHECK VALVE,1.5,,
101-384138-1,CHIME,4.5,,
3030364,CHIP DETECTOR,0.5,,
3034026,CHIP DETECTOR,0.8,,
3045950-01,CHIP DETECTOR,2,,
3045951-02,CHIP DETECTOR,2,,
5/10/7270,CIRCUIT BREAKER,1,,
5/15/7270,CIRCUIT BREAKER,1,,
5/5/7270,CIRCUIT BREAKER,1,,
7270-5-7 1/2,CIRCUIT BREAKER,4,,
2/2/7277,CIRCUIT BREAKER,1,,
2/20/7277,CIRCUIT BREAKER,1,,
MS26574-5,CIRCUIT BREAKER,2,,
101-384270-0007,CIRCUIT BREAKER PANEL ASSEMBLY,2.5,,
35-380132-73,CIRCUIT BREAKER SWITCH,1,,
101-364851-11,CIRCUIT CARD ASSEMBLY,1,,
101-364851-5,CIRCUIT CARD ASSEMBLY- ELEC HEAT CONTRO,3,,
MS28042-1A,CLAMP,0.01,,
NH1005818-10,CLAMP,1,,
25706-3,CLEVIS,1,,
101-521023-1,CLEVIS FLAP POS         TRANSMITTER,2,,
50-820241-3,CLEVIS-BARREL-NOSE GR   DOOR,1,,
50-120101-4,CLIP-COVER ASSEM-UPPER  AFT SPAR FITTING,1,,
AT4220A5,CLOCK,1,,
AT6620A1,CLOCK,1,,
101-531126-605,COCKPIT HEADLINER,9,,
S100-0080-00,COCKPIT VOICE RECORDER,2,,
2100-1010-00,COCKPIT VOICE RECORDER (30 min),4,,
80037-110V,COFFEE JUG  W/O SPIGOT,1.5,,
101-384024-1,COIL ASSY -VAPORATOR,4,,
101-380084-3,COLD CATHODE LAMP,1,,
74-451-AA,COLD PATCH KIT*RA*,0.01,,
210-1007-1,COLD WATER TANK,1,,
101-530508-13,COMPASS ASSEM-STANBY,1.5,,
904624V311,COMPRESSOR,4,,
ER206R-25202,COMPRESSOR,10,,
101-555156-1,COMPRESSOR ASSEMBLY,4,,
201-0450-1,COMPRESSOR ASSEMBLY,4,,
90-555039-5,COMPRESSOR ASSEMBLY,8,,
101-555214-1,COMPRESSOR ASSY  AIR CONDITIONIN,4,,
100-384072-5,COMPRESSOR DRIVE MOTOR,8,,
101-910207-9,COMPRESSOR FITTING      AIR CONDITIONER,1.5,,
101-384003-7,CONDENSER COIL ASSEMBLY,6,,
13600L13685L,CONE & SEAL,1,,
3008787,CONNECTOR,1,,
80037-110,CONTAINER  HOT,0.5,,
101-384219-5,CONTAINER ASSEMBLY,5,,
101-384162-3,CONTAINER ASSEMBLY - DOUBLE,1.5,,
101-384223-5,CONTAINER ASSEMBLY(FIRST AID OXYGEN MASK,5,,
50-580026-9,CONTROL,1.5,,
C28-5,CONTROL,1,,
CM39570,CONTROL,1,,
30-326-7,CONTROL AMPLIFIER,4,,
50-580026-1,CONTROL ASSEMBLY,2.5,,
213784,CONTROL BOX ASSY  PROPELLER,2,,
115-389001-21,CONTROL CABLE,16,,
115-389001-23,CONTROL CABLE,16,,
115-389002-15,CONTROL CABLE,16,,
99-380001-25,CONTROL CABLE,16,,
99-380001-27,CONTROL CABLE,16,,
115-389002-17,CONTROL CABLE - PROP,16,,
101-384218-1,CONTROL CABLE-PULL CABLE ASSEMBLY OXYGEN,1.5,,
101-380025-17,CONTROLLER,3,,
201-0750-2,CONTROLLER,2,,
300-0750-1,CONTROLLER,4.5,,
300-0750-2,CONTROLLER,4.5,,
MC815AS1,CONTROLLER,3,,
101-384177-11,CONTROLLER ASSEMBLY,8,,
101-384177-9,CONTROLLER ASSEMBLY,5,,
130346-12,CONTROLLER-CABIN PRESSURIZATION 6.5PSI,3,,
101-380025-11,CONTROLLER-FLOW CONTROL,1,,
50-380070-4,CONVERTER ASSY,2,,
AN809-1,CORE-HIGH PRESSURE VALVE,0.2,,
BB055001,CORROSION CONTROL INSPECTION,2,,
10450-11950,COUNTER POINTER ALTIMETER,3,,
10450-11951,COUNTER-POINTER ALTIMETER(MBS),6,,
101450-11953,COUNTER-POINTER ENCODE ALTIME,3,,
3024973,COUPLING,2,,
A4513-1,COVER,1.5,,
101-364575-1,COVER ASSEM,0.5,,
101-369014-5,COVER ASSEM - GENERATOR TERMINAL,1,,
50-120101-10,COVER ASSEMBLY          UPPER AFT SPAR F,2,,
101-120076-15,COVER ASSEMBLY- ACCESS  FULL CELL,4,,
50-120102-18,COVER ASSEMBLY -LOWER AFT SPAR FITTING,2,,
(D)50-120101,COVER ASSEMBLY-UPPER AFT,0.5,,
50-120102-19,COVER ASSEM-LOWER AFT SPAR FITTING,2,,
50-120186-9,COVER ASSEM-LOWER FWD   SPAR FITTING,1,,
101-120076-13,COVER ASSEM-SKIN ASSEM  CENTER SECTION,2,,
101-120076-14,COVER ASSEM-SKIN ASSEM  CENTER SECTION,2,,
50-120101-1,COVER ASSEM-UPPER AFT  S/S TO -10,1,,
101-980045-18,COVER ASSY - ACCESS  NACELLE,3,,
101-980045-19,COVER ASSY - ACCESS  NACELLE,4,,
101-389008-1,COVER DUCT,2,,
101-531193-3,COVER FUEL PANEL,2,,
000-170000-54,COVER LENS - WING TIP ASSEMBLY,3.5,,
000-170000-53,COVER LENS-WING TIP ASSEMBLY,1,,
109-910023-1,COWL ASSEMBLY - UPR FWD,12,,
101-910024-1,COWLING ASSEMBLY-FWD,8,,
128-380067-1,CREW MASK,1.5,,
128-380067-29,CREW OXYGEN MASK,2,,
128-380067-11,CREW OXYGEN MASK ASSY,1.5,,
50-389095,CROSS FEED VALVE,4,,
115-389001-27,CTRL CABLE,16,,
2120-1P/O,CUPHOLDER,1,,
130-380014-1,CUPHOLDER ASSY (COCKPIT),1,,
76504-F302,CURRENT SENSOR,4,,
DK100,CVR BECAN/BATTERY *RA,1,,
99-820100-5,CYL ASSEM NOSE LD GR,6,,
101-388014-19,CYLINDER ASSEMBLY  MLG RETRACT,8,,
101-388014-17,CYLINDER ASSY  MLG RETRACT,4,,
101-364270-5,D C STATIC CONTROL      PANEL,1.5,,
066-1037-08,D.M.E.,1,,
50-820004-3,DAMPENER ASSEMBLY,1,,
100-430060-1,DAMPENER ASSEMBLY - AIRSTAIR DOOR,1,,
100-430060-25,DAMPENER ASSEMBLY - AIRSTAIR DOOR,1,,
100-430060-27,DAMPENER ASSEMBLY - AIRSTAIR DOOR,1,,
501-1870-18,DATA CONFIGURATION MODULE,4,,
25S-7D5041-07,DEICER  LH CENTER SECTION,8,,
25S-7D5041-02,DEICER  WING RH,16,,
101-380001-1,DEICER BOOT,16,,
101-380001-2,DEICER BOOT,16,,
101-380001-5,DEICER BOOT,12,,
101-380001-7,DEICER BOOT,8,,
101-380001-8,DEICER BOOT,8,,
101-380001-28,DE-ICER BOOT - FAST BOOT,16,,
3E2092-2,DE-ICER WIRE HARNESS,1,,
Part,Description,Flat Rate,Model Family,As of 2/11/2009 12:05:48 PM
013-1399-010,DESECANT CHAMBER,1,,
30-215-8,DETECTOR,1,,
3103346-01,DIAPHRAM,3,,
50-430026,DIAPHRAM-LOCK ASSEMBLY PRESS-CABIN UPPER,8,,
M811B,DIGITAL CLOCK,1,,
MB801-28,DIGITAL CLOCK CONTROL WHEEL,1,,
101-384199-1,DIGITAL O.A.T. INDICATOR,1,,
480B,DINKY LINK,3,,
100-361045-3,DIODE ASSEMBLY -FLIGHT  INSTALLATION,1,,
50-384205,DIRECTIONAL GYRO,2,,
101-380053-7,DISCHARGER,1,,
101-380053-9,DISCHARGER,0.5,,
ESD4C,DISCHARGER,1,,
DD1W,DISCHARGER (white),0.5,,
101-380053-11,DISCHARGER S/A DD1W,0.5,,
101-8001-239,DISK,2,,
133-1097,DISK BRAKE,2,,
133-1098,DISK BRAKE,2,,
101-8002-13,DISK ROTATING,6,,
5002260,DISK ROTATING,4,,
101-8002-15,DISK STATIONARY,3,,
101-8001-15,DISK133B420,3,,
311000,DISPENSER-SILVER DECANTER,0.4,,
BB052167,DO NO USE,,,
BB055000,DO NOT USE,0.01,,
C3004-2P,DOME SPINNR POLISH,1,,
101-920061-25,DOOR - ANTI-SIPHON ASSEM FUEL FILLER,7,,
101-420097-1,DOOR ASEM-RUDDR gust lock(-1red or-1yelo,1,,
101-420097-1RED,DOOR ASSEM ACCESS GUST LOCK (RED),1,,
101-910022-1,DOOR ASSEM BY-PASS      AIR INLET,1,,
101-910069-2,DOOR ASSEMBLY,4,,
101-910069-81,DOOR ASSEMBLY,4,,
99-120022-603,DOOR ASSEMBLY,4,,
115-430100-625,DOOR ASSEMBLY - EMERGENCY EXIT,1,,
000-110134-3,DOOR ASSEMBLY - EXT POWER ACCESS,1,,
50-110002-629,DOOR ASSEMBLY - SECTION-OUTBD WING,0.5,,
50-820179-33,DOOR ASSEMBLY NOSE GEAR  LH (PRIMER),4,,
115-430100-647,DOOR ASSEMBLY-EMERGENCY EXIT,12,,
100-110010-15,DOOR OUTBOARD WING ASSEMBLY,1.5,,
50-534552-643,DOOR PANEL ASSEMBLY,2,,
50-534552-644,DOOR PANEL ASSEMBLY,2,,
99-120023-3,DOOR-CTR WING,1.5,,
101-120108-7,DOOR-UPPER INBD-CTR SECTION,0.5,,
101-120108-8,DOOR-UPPER INBD-CTR SECTION,1,,
101-440019-607,DORSAL FIN ASSEMBLY-WITH OUT ANTENNA,30,,
101-910025-61,DOUBLER - COWLING ASSEMBLY - FWD UPPER,1.5,,
101-980044-5,DOUBLER ASSEM.,2,,
50-430043-31,DOUBLER-DOOR ASSEMBLY MAIN ACCESS,0.5,,
101-910025-62,DOUBLER-FWD UPPER COWLING,1.5,,
101-810091-9,DRAG LEG ASSEM,3,,
101-820034-5,DRAG LEG ASSEMBLY,2,,
710C4X,DRAIN VALVE,0.5,,
966B1,DRAIN VALVE,1,,
CCA-3400,DRAIN VALVE,3,,
101-530365-29,DRAWER,1.2,,
50-380153-8,DRIVE ASSEM,5,,
50-384083-5,DRIVE ASSEM,2,,
ES43030-2,DRYER - RECEIVER BOTTLE,1.5,,
110-323,DUAL MODE ROD ANTENNA,1,,
101-910024-53,DUCT,10,,
109-910029-9,DUCT,20,,
SCDEETS4-96-5,DUCT,1,,
101-910070-19,DUCT ASSEM - BLEED OUTLET,2,,
101-120098-13,DUCT ASSEM COOLING      CENTER SECTION,3,,
101-120101-1,DUCT ASSEM-INTERCOOLER  EXHAUST,5,,
101-120101-17,DUCT ASSEM-INTERCOOLER  EXHAUST,5,,
101-120101-2,DUCT ASSEM-INTERCOOLER  EXHAUST,5.7,,
101-910049-11 U,DUCT COWLING ASSEM      LWR  (UNDRILLED),8,,
101-910049-11,DUCT COWLING ASSEM AFT  LWR,8,,
101-910049-12,DUCT COWLING ASSEM AFT  LWR,8,,
101-910049-12 U,DUCT COWLING ASSEMBLY-LWR  (UNDRILLED),8,,
101-910024-55,DUCT FWD LOWER COWLING,8,,
101-524312-7,EDGELIGHT PANEL AS      PED COVER,3.5,,
101-524698-9,EDGELIGHT PANEL ASSEMBLY-PEDESTAL,1,,
101-364860-1,EDGELIGHT PANEL ASSY - VOLTMETER OVERHEA,1,,
101-322011-1,EDGELIGHT PANEL ASSY -FUEL CONTROL LOWER,1,,
101-364398-47,EDGELIGHTED PANEL ASSEM - OVERHEAD INSTR,2,,
101-320240-1,EDGELIGHTED PANEL ASSEMBLY  RH INBOARD,2,,
101-320240-13,EDGELIGHTED PANEL ASSEMBLY - RH INBOARD,1,,
101-384149-1,EJECTOR ASSEMBLY-VACUUM,1,,
101-384270-0005,EL PANEL - CIRCUIT BREAKER,2.5,,
130-384021-0003,EL PANEL - CIRCUIT BREAKER,1,,
130-384020-0001,EL PANEL ASSEMBLY-FUEL PANEL,1,,
AN823-4,ELBOW - 45 DEG.,1,,
90-910099-15,ELBOW ASSEMBLY,2.5,,
58-920054-0021,ELECTRIC FUEL PUMP*RA,4,,
58-920054-11,ELECTRIC FUEL PUMP*RA-N,4,,
50-384180-1,ELECTRIC HEATER COIL,5,,
101-384270-0009,ELECTROLUMINESCENT CIRCUIT BREAKER PANEL,2.5,,
130-384021-0005,ELECTROLUMINESCENT CIRCUIT BREAKER PANEL,1,,
130-384023-0001,ELECTROLUMINESCENT POWER SUPPLY,3,,
622-9681-001,ELECTRONIC FLIGHT DISPLAY,1,,
3029268,ELEMENT,1,,
D9-55-1,ELEMENT  03W041827,3,,
651540,ELEMENT ASSEMBLY,1,,
101-610000-618,ELEVATOR ASSEM,10,,
101-610000-617,ELEVATOR ASSEMBLY,10,,
101-610000-606,ELEVATOR/TAB,12,,
452-0130,ELT BATTERY PACK ASSEMBLY ALKALINE*RA-N,1,,
BBFR91.207,ELT INSPECTION,1,,
58-530227-1,EMBLEM BEECH-CREST,0.7,,
501-1228-04,EMERGENCY BATTERY(PS-835D)*RA-N,1,,
ELT110-4,EMERGENCY LOCATER TRANSMITTER W/PACKING,1,,
ELT110-4-002,EMERGENCY LOCATOR TRANSMITTER,1,,
28007-01-01,ENCODING ALTIMETER,2,,
28007-11-01,ENCODING ALTIMETER,5.5,,
28704D4001,ENCODING ALTIMETER,2,,
3043937-04,ENGINE IGNITION EXCITER,2,,
101-910012-141,ENGINE MOUNT ASSEM,55,,
50-534553-7,ESCUTCHEON - MAIN ACCESS DOOR  FOLDING S,0.5,,
100-530458-3,ESCUTCHEON ASSEMBLY,1,,
101-384024-5,EVAP COIL,4,,
115-384002-9,EVAPORATOR COIL,8,,
115-384002-5,EVAPORATOR COIL ASSEM,12,,
10-381550-4,EXCITER*RA*,2,,
101-950016-73,EXHAUST PIPE ASSEM,2.5,,
101-950016-75,EXHAUST PIPE ASSEM,2.5,,
101-950019-45,EXHAUST PIPE ASSEMBLY - ENGINE,1,,
101-950016-81,EXHAUST STACK ASSEM,2,,
101-950016-83,EXHAUST STACK ASSEM,2,,
101-950019-1,EXHAUST STACK ASSEMBLY,1,,
101-950019-3,EXHAUST STACK ASSEMBLY,1,,
101-950023-1,EXHAUST STACK ASSEMBLY - LH,1,,
101-950022-3,EXHAUST STACK ASSEMBLY - RH,2,,
101-950023-3,EXHAUST STACK ASSEMBLY - RH,1,,
101-950022-1,EXHAUST STACK ASSEM-LH,2,,
101-9085-1,EXHAUST STACK INSTL-KIT,4,,
101-9085-5,EXHAUST STACK INSTL-KIT,3,,
101-9026-2 S,EXHAUST STACK RH S      (COMM KIT),2.5,,
101-9026-1 S,EXHAUST STACK SPAR      LH (COMM KIT),2.5,,
031134-307,EXPANSION VALVE,2,,
826-041,EXPANSION VALVE,0.01,,
50-820130-8,EYE ASSEM-NOSE          GEAR STEERING,1.5,,
4041-2,FAN,3,,
101-341779-33,FAN ASSEMBLY - BLOWER INSTALLATION,2,,
009-0271-060,FAN MODULE,1.5,,
101-384212-1,FILL VALVE ASSY-OXYGEN,1,,
3100790-04,FILLER CAP,1,,
50-430184-7,FILLET-AIRSTAIR DOOR SEAL LWR CNR,1,,
50-430184-5,FILLET-AIRSTAIR DR SEAL LWR CNR,1,,
101-420023-29,FILLET-WING TO FUS,1,,
101-555084-3,FILTER,1,,
101-555141-3,FILTER,0.5,,
3028419,FILTER,0.5,,
B3-5-1,FILTER,0.5,,
101-524009-91,FILTER - FLIGHT CONTROL ASSIST,1,,
101-524009-0161,FILTER - FLIGHT CONTROL INSTALLATION,1,,
A-7593,FILTER  RADIO INTERFERENCE,1,,
3059788-01,FILTER ELEMENT,1,,
AN6235-3A,FILTER ELEMENT,1,,
P-1010,FILTER ELEMENT,1,,
WF337408,FILTER ELEMENT ASSEMBLY,0.5,,
939152,FILTER HYD PWR PAK,2.5,,
146898-1,FILTER PRESS CONTR,1,,
3038142,FILTER-CPRSR ELEME,3,,
101-555171-1,FILTER-EVAPORATOR,1,,
3001-129,FIRE DETECTOR,5,,
30301102,FIRE EXTINGUISHER W/CARTRIDGE *RA*,2,,
C352TS,FIRE EXTINGUISHER*RA,1,,
70002-00,FIRST AID KIT 16 UNIT*RA,1,,
20619-1,FITTING,1,,
50-820240,FITTING-STOP NOSE GEAR,1,,
AP01-251411-1F,FIXED WINDOW,3.5,,
FLAG 8 1/2 X 18,FLAG DECAL SLANED*,1.5,,
473275,FLAME DETECTOR,1,,
101-160001-17,FLAP ASSEMBLY-INBOARD L/H,2.5,,
35-165050-231,FLAP ASSEMBLY-OUTBD R/H,3,,
100-384040,FLAP MOTOR,3,,
101-384029-1,FLAP POSITION INDICATOR,2,,
50-364314-6619,FLAP SWITCH,3,,
55-0221-1,FLASH TUBE,1,,
D90028-1,FLASH TUBE ASSEM,1,,
01-0266038-00,FLASHER,1,,
202331,FLASHTUBE,2,,
1 1/4TC321X120,FLEX HOSE,2,,
101-910204-9,FLEX HOSE ASSEM,1,,
101-910187-1,FLEX HOSE ASSEM         ENGINE,1.5,,
101-910166-42,FLEX HOSE ASSEM         POWER PLANT,1,,
101-910166-41,FLEX HOSE ASSEMBLY POWER PLANT,1,,
101-910004-25,FLEX HOSE ASSY,1.5,,
58-380043-1,FLIGHT HOUR METER,1,,
100-389016-1,FLOAT SWITCH,2,,
101-389034-5,FLOAT SWITCH,3,,
101-389034-7,FLOAT SWITCH,3,,
101-389014-7,FLOAT SWITCH (101-389034-7),1.5,,
118-381002-1,FLOAT VALVE ASSEMBLY,2.5,,
50-440012-655,FLOOR PANEL ASSEMBLY,18,,
101-420185-23,FLOORBOARD ASSEMBLY - FORWARD CABIN,2,,
101-420185-27,FLOORBOARD ASSEMBLY - FORWARD CABIN,2,,
101-420185-33,FLOORBOARD ASSEMBLY - FORWARD CABIN,2,,
101-420185-37,FLOORBOARD ASSEMBLY - FORWARD CABIN,2,,
101-380025-19,FLOW CONTROL VALVE,3,,
101-380025-21,FLOW CONTROL VALVE,6,,
97-380000-33,FLOW CONTROL VALVE,3,,
3019906,FLOW DIVIDER,3,,
97-530105-65,FOOT ASSY - PARTITION PANEL ASSY,1,,
100-530448-7,FOOT-LEG ASSEM          LATERAL TRACKING,2,,
101-384176-3,FORWARD BLOWER ASSEMBLY,8,,
101-910025-609,FORWARD UPPER COWLING ASSEMBLY,2,,
101-420089-11,FRAME,12,,
101-530350-30,FRAME ASSEM             (BREAKDOWN),4,,
101-531327-639,FRAME ASSEM - WINDOW INSTL RH COCKPIT,2.5,,
101-530351-32,FRAME ASSEM WINDOW      COCKPIT,6,,
101-530351-45,FRAME ASSEMBLY,10,,
101-530351-46,FRAME ASSEMBLY,10,,
101-530351-19,FRAME ASSEMBLY - COCKPIT WINDOW,7,,
101-530351-20,FRAME ASSEMBLY - COCKPIT WINDOW,7,,
101-420089-30,FRAME- FS 100.50,12,,
91-380003,FUEL BOOST PUMP,2,,
1D2-12,FUEL BOOST PUMP *RA,4,,
100-381005-15,FUEL CAP,1,,
100-381005-3,FUEL CAP,1,,
100-381005-1,FUEL CAP ASSEM,0.5,,
100-381005-5,FUEL CAP ASSY,1,,
002-920013-4,FUEL CELL,10,,
100-381001-10,FUEL CELL,12,,
100-381001-7,FUEL CELL,10,,
100-381001-9,FUEL CELL,10,,
101-381001-7,FUEL CELL,8,,
101-381002-11,FUEL CELL,10,,
101-381002-12,FUEL CELL,10,,
101-381002-7,FUEL CELL,10,,
101-381002-8,FUEL CELL,10,,
101-381002-9,FUEL CELL,10,,
50-389034-17,FUEL CELL,6,,
50-389034-18,FUEL CELL,10,,
50-389034-19,FUEL CELL,10,,
99-380000-21,FUEL CELL,12,,
99-380000-23,FUEL CELL,10,,
99-380000-25,FUEL CELL,5,,
99-380000-7,FUEL CELL,12,,
101-381001-3,FUEL CELL  LH,10,,
101-381001-4,FUEL CELL  RH,10,,
002-920013-1,FUEL CELL ASSY - WING L E  OUTBD,10,,
002-920013-3,FUEL CELL ASSY - WING L E  OUTBD,10,,
002-920013-2,FUEL CELL ASSY (OPP -1)  WING LE OUTBD,10,,
101-381001-1,FUEL CELL LH,10,,
101-381001-8,FUEL CELL VELC HGR,1,,
3036359,FUEL CONTROL,3,,
3049644-01,FUEL CONTROL,2.5,,
3244768-13,FUEL CONTROL UNIT,3,,
100-0140-01,FUEL DRAIN VALVE,2,,
79C30,FUEL DRAIN VALVE,2,,
50-389110,FUEL FILTER,1,,
217384-1,FUEL FILTER ASSEMBLY,0.5,,
109-389000-1,FUEL FILTER BOWL ASSEMBLY,2,,
3036641,FUEL FLOW DIVIDER & DUMP VALVE ASSY,3,,
90-380009-2,FUEL FLOW INDICATOR,1,,
90-380009-7,FUEL FLOW TRANSMITTER *RA,1.5,,
3035063,FUEL HEATER,2,,
3039259,FUEL HEATER,2,,
101-384151-3,FUEL IND,3.5,,
3019536,FUEL NOZZLE,1,,
100-389018-23,FUEL PRESSURE SWITCH,1,,
3031708,FUEL PUMP,2,,
3033808,FUEL PUMP,5,,
50-380177-5,FUEL PUMP  *RA,4,,
399701-5,FUEL PUMP  *RA*,1,,
91-380003-3,FUEL PUMP*RA,2,,
91-380003-5,FUEL PUMP*RA,2,,
100-380006-179,FUEL QTY PROBE,5,,
100-380006-181,FUEL QTY PROBE,5,,
100-380006-171,FUEL QTY PROBE (NACELLE),5,,
117-384019-3,FUEL QUANTITY INDICATOR,8,,
100-380006-169,FUEL QUANTITY PROBE,5,,
100-380006-173,FUEL QUANTITY PROBE,5,,
100-380006-175,FUEL QUANTITY PROBE,5,,
100-380006-177,FUEL QUANTITY PROBE,5,,
100-380006-183,FUEL QUANTITY PROBE,5,,
100-380006-187,FUEL QUANTITY PROBE,5,,
100-380006-197,FUEL QUANTITY PROBE,5,,
109-389002-9,FUEL SHUTOFF VALVE*RA,3,,
100-380006-149,FUEL TRANSM PROBE,5,,
101-400016-3,FUSELAGE LOCKSET,1,,
99-384042,GAGE /OXYGEN/,1.5,,
101-384150-7,GAGE FUEL,2,,
101-514183-1,GAS SPRING ASSEM-COUNTERBALANCE**RA,0.5,,
101-514183-5,GAS SPRING ASSEM-COUNTERBALANCE**RA,0.5,,
3010818,GASKET,1,,
50-921587-7,GASKET,1,,
MCOF69030-49,GASKET,5,,
MS35769-11,GASKET - ANNULAR METTALLIC,0.01,,
MS9371-16,GASKET  METAL O-RING,2,,
38-0250154-00,GASKET BEACON,1,,
50-921587-3,GASKET-FUEL CELL-CENTER SECTION,1,,
101-420122-7,GASKET-STORM WINDOW ASSEMBLY CREW ENCLO,2,,
50-380105-1,GAUGE,2,,
115-811020-613,GEAR BOX ASSEM MAI      RETRACT,8,,
100-524074-1,GEAR BOX ASSEMBLY,2,,
115-811020-653,GEARBOX W/O MOTOR,8,,
51538-001A,GENERATOR CONTROL UNIT,3,,
501-1860-0401,GH-3100 ESIS INDICATOR,4,,
000-170000-23,GLARE SHIELD - WING TIP ASSY - EXTENDED,2.5,,
000-170000-23 U,GLARESHEILD (UNDRILLED),3,,
000-170000-24 U,GLARESHEILD (UNDRILLED),3,,
210638,GOVERNOR,3.5,,
8210-007,GOVERNOR,2,,
8210-024,GOVERNOR,3,,
3028320,GOVERNOR(8210-007),3,,
3032019,GOVERNOR(8210-007),2,,
071-01553-0200,GPS ANTENNA,2,,
CI 401-220,GPS ANTENNA,6,,
1202-006,GRAPHIC ORDINANCE SIGN ASSEMBLY,1,,
112412,GROMMET HALF- SELF-ALIGNING FIREPROOF,1,,
100-530352-1,GUIDE,4,,
101-590016-9,GUST LOCK ASSY - CONTROL SURFACE,1,,
1U149-001-6,GYRO HORIZON,2.5,,
101-384213-1,GYRO HORIZON IND,1,,
101-910020-13,HALF HINGE-VANE ASSEM   INLET AIR,6,,
101-910020-15,HALF HINGE-VANE ASSEM   INLET AIR,6,,
101-550323-3,HALVES ASSEMBLY - PLENUM ASSEM,12,,
101-388007-3,HAND PUMP,10,,
101-384096-1,HANDLE ASSEM (inner),1,,
101-384146-1,HANDLE ASSEMBLY,1,,
101-400016-1,HANDLE ASSEMBLY - FUSELAGE LOCK SET,1,,
115-530027-37,HANDLE-SEAT ASSEM,1,,
3031704,HARNESS,8,,
3112214-01,HARNESS ASSEM,2,,
101-364931-9,HARNESS ASSEMBLY,1.5,,
3037195,HARNESS ASSEMBLY,12,,
100-380006-127,HARNESS ASSEMBLY FUEL GAGING SYSTEM,5,,
267900-002,HEADSET,1,,
308100-0020,HEADSET - BOSE  MODEL AHX-32-01,0.5,,
112633-1,HEATED VENT,1,,
116445,HEATED VENT,1,,
50-384180,HEATER ELEMENT ASSEMBLY,5,,
101-910020-9,HINGE ASSEM,2.3,,
101-620011-1,HINGE ASSEM - HORIZ SS98.197,2,,
101-640014-21,HINGE ASSEMBLY - RUDDER,10,,
101-610011-7,HINGE HALF-ELEVATOR TAB,10,,
MCOC28926-19,HOLDER ASSEMBLY  WITHOUT BULB,1,,
MCOC28926-619,HOLDER ASSEMBLY  WITHOUT BULB,3,,
102-380016-3,HORIZON GYRO,1.5,,
1U262-001-11,HORIZON GYRO,2,,
1U367-207-8,HORIZON GYRO INDICATOR,1,,
101-384169-1,HORN & VALVE - RELIEF,0.5,,
173041-48,HOSE,1,,
173424-10,HOSE,2,,
3013467,HOSE,1,,
3033736,HOSE,1,,
101-389001-5,HOSE ASSEM,1,,
MS28741-4-0220,HOSE ASSEM,1,,
MS28741-4-0226,HOSE ASSEM HYDRAULIC    BRAKE MAIN GEAR,1,,
300-0855-1,HOSE ASSEMBLY,8,,
330996F8-0130,HOSE ASSEMBLY,0.8,,
330997F10-0230,HOSE ASSEMBLY,1,,
330997F10-0270,HOSE ASSEMBLY,1,,
330997F12-0280,HOSE ASSEMBLY,1,,
330997F12-0384,HOSE ASSEMBLY,1,,
330997F4-0223,HOSE ASSEMBLY,0.8,,
MS28741-4-0185,HOSE ASSEMBLY,1,,
115-555018-23,HOSE ASSEMBLY - COMPRESSOR,2,,
117-910056-31,HOSE ASSEMBLY - SUCTION,1,,
101-380015-7,HOSE ASSEMBLY BRAKE DEICE,1,,
101-380015-9,HOSE ASSEMBLY BRAKE DEICE,1,,
330995F10-0204,HOSE ASSEMBLY-FUEL SYSTEM,1,,
330997F10-0210,HOSE ASSEMBLY-FUEL SYSTEM,1,,
MS28741-4-0212,HOSE ASSEM-PILOT BRAKES,1,,
36001-4-0080,HOSE ASSY,4,,
36001-4-0300,HOSE ASSY,4,,
101-380015-1,HOSEASSY25.0,2.5,,
200-1016-1,HOT TANK,1,,
200-1016-13,HOT TANK ASSEMBLY,1,,
200-1016-19,HOT TANK ASSEMBLY,1,,
101-384092-1,HOUR CLOCK,1,,
85012-13,HOUR METER KIT,2,,
3028392,HOUSEING,5,,
3030259,HOUSING,5,,
101-8002-19,HOUSING (SEE MM DESIGN 2 NOTES),3,,
50-524161-611,HOUSING ASSEMBLY,10,,
3024996,HSG VALVE THERMOST,1,,
101-388016-11,HYDRAULIC HOSE,4,,
UL32-040-SP1,HYDRO LOCK,2.5,,
260-1014-35,ICE CHEST,0.5,,
260-1015-3,ICE CHEST,1,,
AD964-2,ICE PROTECTOR,1,,
50-820113-7,IDLER ASSY - NOSE       STEERING LINK,0.01,,
10-381550-1,IGNITION EXCITER,2,,
3035889,IGNITION EXCITER,2,,
CH34055,IGNITION PLUG,0.5,,
110ACL1Z400,IMPACT SWITCH,1.5,,
28DCL1Z250,IMPACT SWITCH,3,,
28DCL1Z400,IMPACT SWITCH,2,,
101-8002-61,INBD WHEEL HALF,2,,
AP01-251411-3R,INBOARD PANE ROTATING,1.5,,
101-384122-5,INDICATOR,1,,
690119-7,INDICATOR,1,,
90-384026-11,INDICATOR,1,,
99-384043-17 POS,INDICATOR,3,,
101-384074-7,INDICATOR - AIRSPEED MAX ALLOWABLE,3,,
101-384074-13,INDICATOR - AIRSPEED NEG CAL,3,,
101720-11564,INDICATOR  ALTIMETER,2,,
90-380036-7,INDICATOR - ENGINE OIL TEMP & PRESSURE,1.5,,
101-384151-5,INDICATOR - FUEL,10,,
90-380037-1,INDICATOR - FUEL FLOW,1,,
90-380036-5,INDICATOR - OIL TEMP & PRESS,1.5,,
101-380031-5,INDICATOR (UNLIGHTED),2.5,,
101-380026-13,INDICATOR CABIN ALT & DIFF PRESSURE,1,,
130-380041-11,INDICATOR ITT,1,,
130-380041-7,INDICATOR ITT,1,,
101-380092-9,INDICATOR PROP RPM,1,,
130-380044-17,INDICATOR TURBINE RPM,1,,
101-384254-1,INDICATOR-AMMETER,1,,
58-380104-3,INDICATOR-CYL HEAD TEMP & EGT,2,,
130-380045-7,INDICATOR-OIL TEMP & PRESS,1,,
130-380045-13,INDICATOR-OIL TEMP/PRESS,1,,
101-380092-3,INDICATOR-PROP RPM,1,,
101-380092-5,INDICATOR-PROP RPM,1,,
90-380033-7,INDICATOR-TEMP TURBINE INTERIOR,2,,
101-380091-3,INDICATOR-TORQUE,1,,
130-380044-13,INDICATOR-TURBINE RPM,1,,
130-380044-7,INDICATOR-TURBINE RPM,1,,
8561-24,INLAY CHECKERBOARD,1,,
1013-42-011,INTEGRATED NAV SYSTEM,2,,
BB055021,INTERIM INSPECTION,8,,
127-384019-3,INVERTER,2,,
PC17A,INVERTER,1.5,,
6900042-000,INVERTER  HOT CATHODE,1,,
SPC-60A,INVERTER (600VA),2,,
PC17,INVERTER 600VA,2,,
SPC30A,INVERTER W/RC-15 RAIN COVER,1,,
90-384026-31,ITT INDICATOR,2,,
BB052164,KA200  ALTITUDE WARNING SYSTEM CHECK 1HR,1,,
BB052165,KA200  BARO PRESSURE SWITCH CHECK 1.5 HR,1.5,,
BB052161,KA200  LEAD ACID BATTERY CHARGE,2,,
BB052144,KA200 ACTUATORS MECH GEAR END PLAY CHECK,10,,
BB052153,KA200 AFT FUSLE AREA&REAR PRES BLKHD INS,8,,
BB052127,KA200 AIR-COND COMP DR BELT TENSION CK,1,,
BB052146,KA200 AIRSTAIR DR CARGO DR&ESC HATCH INS,4,,
BB052128,KA200 CABIN DOOR & FUSELAGE FRAME INSPEC,24,,
BB052137,KA200 CABIN FIRE EXTINGUISHER INSPECTION,1,,
BB052139,KA200 CARGO DOOR LWR ATTACH LUG INSPEC.,2,,
BB052157,KA200 COCKPIT VOICE REC ULB FUNC TEST,2,,
BB052126,KA200 EDGE-LIGHTED PANEL ASSEMBLY INSPEC,8,,
BB052138,KA200 ENG FIRE EXT HYDROSTATIC TEST,8,,
BB052159,KA200 ENG MOUNT VIBRATION ISOLATORS INSP,4,,
BB052148,KA200 EXTERIOR SKIN INSPECTION,6,,
BB052145,KA200 FIRE EXT EQUIP CART REPLACEMENT,4,,
BB052152,KA200 FLIGHT CNTRL PULLEYS&BRKTS INSPEC,40,,
BB052147,KA200 FORWARD PRESS BLKHEAD INSPECTION,8,,
BB052150,KA200 FRAME WEBS FS 179-FS 271 INSPEC,40,,
BB052149,KA200 FUSELAGE FRAMS FS84-FS347.75 INSPE,60,,
BB052162,KA200 LEAD ACID BATRY EMER CAPACITY TEST,2,,
BB052010,KA200 LH 400HR FUEL NOZZLE FLOW CHECK,10,,
BB052101,KA200 LH ENGINE HOT SECTION INSPECTION,40,,
BB052102,KA200 LH ENGINE REPLACE OIL FILTER,1,,
BB052110,KA200 LH FLAP FLEXIBLE SHAFT INSPECTION,6,,
BB052107,KA200 LH MAIN GEAR AXLE&TORQUE KNEES INS,5,,
BB052106,KA200 LH MAIN GEAR DRAG BRACE ASS INSPEC,10,,
BB052105,KA200 LH MAIN GEAR SHOCK ASSEM. INSPEC.,30,,
BB052108,KA200 LH MN GEAR ACTUATOR CLEVIS HOLE IN,1,,
BB052109,KA200 LH MN LANDING GEAR WHEEL INSPECTIO,4,,
BB052104,KA200 LH NACELLE FUEL CELL&PROBE INSPEC.,2,,
BB052103,KA200 LH STARTER-GEN QAD FLANGE INSPEC.,1,,
BB052111,KA200 LH WING PL UPPR&LWR SPAR CAP INSPE,2,,
BB052142,KA200 LNDING GEAR SYS HYDR FILTER REPLAC,2.5,,
BB052132,KA200 NOSE GEAR ACTUATOR CLEV HOLE INSPE,1,,
BB052131,KA200 NOSE GEAR AX ASS&TORQUE LINKS INSP,5,,
BB052130,KA200 NOSE GEAR DRAG BRACE ASSEM INSPEC,10,,
BB052129,KA200 NOSE GEAR SHOCK AB ASSEM. INSPEC.,30,,
BB052133,KA200 NOSE LANDING GEAR WHEEL INSPEC.,4,,
BB052156,KA200 OXY CYL DOT 3HT 1850 HYDRO TEST,4,,
BB052155,KA200 OXY CYL DOT3AA 1800HYDRO TEST STD,4,,
BB052154,KA200 OXY CYLIN DOT 3AA 1800 HYDROST TES,4,,
BB052158,KA200 OXY SYS PASS SHUTOFF VL ORING REPL,2,,
BB052135,KA200 PEDESTAL PWR LEVER STOP PIN INSPEC,2,,
BB052012,KA200 PHASE 1 & 2 INSPECTION COMBINED,89,,
BB055019,KA200 PHASE 2  3 & 4 INSPECTION,97,,
BB052034,KA200 PHASE 3 & 4 INSPECTION COMBINED,89,,
BB052136,KA200 PILOT'S COMPARTMENT FIRE EXT INSPE,1,,
BB052143,KA200 RETRACT GEAR-BOX & CLUTCH INSPEC.,4,,
BB052011,KA200 RH 400HR FUEL NOZZLE FLOW CHECK,10,,
BB052112,KA200 RH ENGINE HOT SECTION INSPECTION,40,,
BB052113,KA200 RH ENGINE REPLACE OIL FILTER,1,,
BB052121,KA200 RH FLAP FLEXIBLE SHAFT INSPECTION,6,,
BB052116,KA200 RH MAIN GEAR SHOCK ASSEM. INSPEC.,30,,
BB052120,KA200 RH MAIN LANDING GEAR WHEEL INSPEC,4,,
BB052119,KA200 RH MN GEAR ACTUATOR CLEVIS HOLE IN,1,,
BB052118,KA200 RH MN GEAR AXLE&TORQUE KNEES INSPE,5,,
BB052117,KA200 RH MN GEAR DRAG BRACE ASSEM INPEC.,10,,
BB052115,KA200 RH NACELLE FUEL CELL&PROBE INSPEC.,2,,
BB052114,KA200 RH STARTER-GEN QAD FLANGE INSPEC.,1,,
BB052122,KA200 RH WING PL UPPR&LWR SPAR CAP INSPE,2,,
BB052160,KA200 RUDDER BOOST FILTER REPLACEMENT,1,,
BB052163,KA200 STANDBY PWR SUPLY BATTRY LOAD TEST,2,,
BB052151,KA200 STRGRS FS88-FS125&INST PL SPT BK I,20,,
BB052125,KA200 UPPR&LWR WINDSHIELD CORNER CLIP IN,6,,
BB052140,KA200 WING ATTACHMENT BOLT INSPECTION,32,,
BB052141,KA200 WING CNTR SECT UPR SURF BOND PL IN,2,,
066-3062-00,KEA346,1,,
BB052005,KING AIR  200 HR LUBRICATION    BB,4,,
BB052006,KING AIR  400 HR LUBRICATION    BB,3,,
BB052007,KING AIR  800 HR LUBRICATION    BB,2,,
BB052009,KING AIR  WING BOLT LUBE - 12 MTH REQ.,1,,
BB052008,KING AIR 1200 HR LUBRICATION   BB,16,,
BB055020,KING AIR 200  COMPLETE INSPECTION,117,,
BB052124,KING AIR 200  FUSELAGE STRINGER INSPEC.,2,,
BB052123,KING AIR 200  P3 AIR FILTER REPLACEMENT,1,,
BB052001,KING AIR 200  PHASE 1 INSPECTION,65,,
BB052002,KING AIR 200  PHASE 2 INSPECTION,65,,
BB052003,KING AIR 200  PHASE 3 INSPECTION,65,,
BB052004,KING AIR 200  PHASE 4 INSPECTION,65,,
130-1010-902,KING AIR TABLE KIT,0.01,,
3032228,KIT,2,,
PT6A-100HRBEECH KT,KIT - 100HR INSP PTS BEECH KIT,20,,
117-9000-5,KIT - AIR COND COMPRESSOR INSTALLATION,8,,
117-9000-1 S,KIT - AIR CONDITIONING COMPRESSOR INSTAL,8,,
130-9702-0001,KIT - AIRCONDITIONER COMPRESSOR KIT,4,,
101-8027-5 P,KIT - ALUM NOSE WHEEL INSTL,2,,
130-9701-0001,KIT - B300/B300C - DEICE TUBING,1,,
101-5039-1 P,KIT - CHART HOLDER  CONTROL WHEEL,1,,
101-5137-1 S,KIT - CLOCK INSTL CONTROL WHEEL,1,,
101-9078-1,KIT - COMPRESSOR AIR CONDITIONING,1,,
101-5156-1 S,KIT - CONTROL WHEEL REPL & BLD UP,3.5,,
36-5017-1 S,KIT - FIRE EXTINGUISHER REPLACEMENT,4,,
130-9005-3,KIT - FUEL CELL COVER & GASKET INSTL,20,,
101-3111-1 S,KIT - FUEL QTY INDICATOR INSTL,6,,
101-5051-1 S,KIT - FUEL QUANTITY PROBE INSTALLATION,5,,
101-5051-3 S,KIT - FUEL QUANTITY PROBE INSTALLATION,2,,
101-5051-5 S,KIT - FUEL QUANTITY PROBE INSTALLATION,2.5,,
101-3292-0001,KIT - HOURMETER FLIGHT - SPARES,1,,
100-5015-1 S,KIT - INFO POLARIZED WINDOW INSTALLATION,3,,
101-8030-1 S,KIT - NOSE L/G INSTALL,4,,
101-5170-3,KIT - R134A COMPRESSOR INSTL  AIR COND,40,,
101-4050-3,KIT - SPAR BUSHING INSTL,0.01,,
3028555,KIT HOT SECTION,4,,
130-3413-0001,KIT-AUDIO SWITCH PANEL REPLACEMENT,1,,
101-5039-1,KIT-CHARTHOLDER,1,,
101-6003-0003,KIT-EMPENNAGE INSPECTION PANELS,40,,
101-9085-3,KIT-EXHAUST STACK INSTALLATION,3,,
90-5082-3,KIT-SPARE COMPRESSOR INSTL A/C,8,,
130-5501-0001,KIT-SYSTEM REACTIVATION ELECTRIC HEAT,32,,
36-810016-1,KNEE ASSEMBLY - M G,0.5,,
100-524146-27,KNOB,0.6,,
50-389003,KNOB,0.5,,
50-524506-BSC,KNOB,0.5,,
101-531442-1,KNOB ASSEMBLY - CABIN CHAIR,1,,
A4501-3,KNOB ONLY LG SWTCH,1,,
50-524506,KNOB-GOVERNOR CONTROL,0.5,,
101-910024-619,L/H FWD LOWER COWLING,2,,
101-910025-621,L/H FWD UPPER COWL ASSEMBLY.,4,,
1683,LAMP,0.5,,
34-0428070-64,LAMP,1.5,,
4587,LAMP,0.75,,
4596,LAMP,0.5,,
A508,LAMP,0.3,,
M6363/2-2,LAMP,0.5,,
1864,LAMP  T-3-1/4,0.3,,
A510-28,LAMP ASSEMBLY,1,,
101-380084-1,LAMP ASSY,1,,
1495,LAMP BULB,0.5,,
4522,LANDING LIGHT 13VOLT DC GE,0.5,,
452-16-12,LANYARD 12 L 99321,0.5,,
452-16-6,LANYARD FU-CAP6 LG,1,,
A23062-3,LATCH,2,,
H296K1135,LATCH ASSEM,1.5,,
50-554275-607,LATCH ASSEMBLY - EVAPORATOR DOOR,2,,
AT4220A6,LCD CLOCK,1,,
97-820000-652,LDG GR-NOSE LESS TIRE & WHEEL,8,,
G-6381ES,LEAD ACID BATTERY*RA,1,,
132-380040-3,LEAD/ACID BATTERY**RA-N,2,,
070-225,LEATHER  HIDE - COLDSTREAM,0.01,,
070-265,LEATHER - PECAN,0.01,,
070-330,LEATHER - SESAME (SOLD BY THE HIDE),1,,
101-525278-601,LEATHER COVERED CONTROL WHEEL,2,,
101-384084-871,LEDGEND ASSEMBLY,1,,
101-810134-11,LEG-LEG ASSEMBLY LOWER DRAG MLG,3,,
68-4250258-38,LENS CLR VPN 90033,1,,
101-384084-287,LENS MODULE,0.5,,
101-440039-11,LENS-TAIL CONE INSTL,2,,
114-170021-1,LENS-WING TIP,3,,
114-170021-2,LENS-WING TIP,3,,
101-524181-9,LEVER ASSEMBLY THROTTLE,4,,
50-524567-3,LEVER ASSEM-THROTTLE,6,,
100-524174-15,LEVER-LEVER ASSEM PROP  GOVERNOR,6,,
101-380005-17,LIFT COMPUTER,2,,
101-380005-39,LIFT COMPUTER,2,,
3601-56,LIFT COMPUTER,4,,
101-380005-41,LIFT COMPUTER (VPN 3601-56),2,,
101-380005-9,LIFT TRANSDUCER,3,,
3701-2,LIFT TRANSDUCER,2,,
5100CW28B,LIGHT,2,,
A-8970-B2-327,LIGHT,0.5,,
A8970B2-327,LIGHT,0.5,,
2565-1,LIGHT ASSEM (READING),1,,
100-384118-25,LIGHT ASSEMBLY,2,,
30-1095-13,LIGHT ASSEMBLY,1,,
30-1095-14,LIGHT ASSEMBLY,1,,
101-322012-1,LIGHT ASSEMBLY - PWB  FUEL CONTROL LWR,2,,
6900080-000,LIGHT ASSEMBLY (WITH VELCRO),1,,
90-320114-1,LIGHT ASSEMBLY RH OUTBOARD SUB PANEL,2,,
101-361159-5,LIGHT ASSEM-STROBE/NAV UPPER EMPENNAGE,1,,
100-384118-23,LIGHT ASSY,2,,
100-384118-24,LIGHT ASSY,2,,
100-384118-26,LIGHT ASSY,2,,
90033-6,LIGHT ASSY,2,,
101-360020-17,LIGHT ASSY ROTATING     BEACON UPPER,1,,
A775EXP28-35,LIGHT ASSY28VT35WT,1,,
303X,LIGHT BULB,0.5,,
A-7079B-24,LIGHT BULB,0.3,,
A708-28,LIGHT BULB HALOGEN,1,,
101-320284-1,LIGHT PANEL ASSEM LH    INBD-SUB PANEL,2,,
3103775-01,LINER,10,,
101-530398-1,LINER - TOILET INSTL -  AFT COMPT,1,,
101-820064-1,LINK ASSEM,1,,
101-910197-23,LINK ASSEM,1,,
115-810075,LINK ASSEM,0.8,,
50-820102-16,LINK ASSEMBLY,4,,
101-810019-7,LINK ASSEMBLY  DOOR ACTUATOR,1,,
101-910026-155,LINK ASSEMBLY - INERTIA CONTROL,1.7,,
101-820064-6007,LINK ASSEMBLY NOSE  GEAR STEERING,1,,
101-810205-1,LINK ASSEMBLY-DOOR ACTIVATOR,2,,
101-820014-1,LINK ASSEM-NOSE GR      STEERING IDLER,4,,
101-820064-5,LINK ASSEM-STEERIN      NOSE LANDING GEA,2,,
101-910026-205,LINK ASSY-INERTIAL      SEPERATOR CONTRO,2.5,,
101-521030-1,LINK-FLAP SAFETY SWITCH,1.5,,
130-430058-1,LINK-HANDRAIL AIRSTAIR DOOR,1,,
99-388007-3,LIQUID LEVEL SENSOR,3,,
100-384118-13,LIT ASY ST NV&RECG,2,,
100-384118-14,LIT ASY ST NV&RECG,2,,
1202-300,LITE TRAY N/S SIGN,1,,
101-384106-5,LOADMETER,1,,
LD3410E163-09422,LOCK,0.5,,
101-384258-43,LOCKSET HANDLE ASSEMBLY,1.5,,
622-2363-001,LOOP  SENSE ANTENNA (ANT60A),1,,
101-530531-25,MAGNET,0.3,,
213181,MAGNETIC PICKUP,2,,
A2049SM,MAGNETIC SHIELD,2,,
501-1826-01,MAGNETOMETER (MAG-3000A),2,,
19004-10-01,MAGNETOMETER (ST19004-10-01),2.5,,
101-388014-1,MAIN GEAR ACTUATOR,8,,
50-810334,MAIN LDG GR ROLLER,1,,
101-500081-1,MANIFOLD ASSY AIR DATA,4,,
90-380001-33,MASTER CYLINDER,2.5,,
116069-01,MATTE BRUSH CHROME MYLAR TAPE 7/16,0.01,,
90-380028-7,MAX ALLOWABLE AIRSPEED INDICATOR,2,,
1131325,METERIC COMPRESSOR,4,,
903-1341,MICROPHONE,2,,
130-364090-5,MODDULE ASSEMBLY-AIR COND. CONT.,1,,
3E2090-1,MODULAR BRUSH ASSY,2,,
LMD6008P,MODULE,2,,
LMD7111P,MODULE,2.5,,
LMD7113P,MODULE,2,,
101-364326-3,MODULE ASSEM,2,,
101-364584-5,MODULE ASSEM BATTERY MONITOR,2,,
101-364572-21,MODULE ASSEM ICE V      SENSE & NI SPEED,1,,
130-364090-1,MODULE ASSEM N1         SPEED & ICE VANE,1,,
101-364326-9,MODULE ASSEM-ANNUN      CONTROL,1,,
101-364578-1,MODULE ASSEM-ANNUN      CONTROL,2,,
101-364210-11,MODULE ASSEM-BATTE      CHARGE DETECTOR,3,,
101-364210-17,MODULE ASSEM-BATTE      CHARGE DETECTOR,1,,
101-364572-25,MODULE ASSEMBLY,1,,
101-364582-25,MODULE ASSEMBLY -  ADVISORY LIGHT TEST,1,,
101-364578-7,MODULE ASSEMBLY -  ANNUNCIATOR CONT,1,,
130-364125-7,MODULE ASSEMBLY - AMBIENT AIR &,1,,
130-364076-5,MODULE ASSEMBLY - ANNUNCIATOR,2,,
101-364578-11,MODULE ASSEMBLY - ANNUNCIATOR CONT,1,,
117-364059-1,MODULE ASSEMBLY - FUEL TRANSFER,1,,
117-364059-5,MODULE ASSEMBLY - FUEL TRANSFER,3,,
130-364125-9,MODULE ASSEMBLY AMBIENT AIR &,1,,
101-364668-5,MODULE ASSEMBLY-FUEL TRANSFER,1,,
101-364086-7,MODULE ASSEM-FUEL       TRANSFER SYSTEM,1,,
101-364572-3,MODULE ASSEM-ICE VANE   SPEED & BATTERY,1,,
101-364170-11,MODULE ASSEM-SENSE LOW  PITCH & ICE VANE,2,,
101-364092-21,MODULE ASSEM-TIME DELAY ANNUNCIATOR ADVI,1,,
101-364584-1,MODULE ASSY,0.5,,
101-364580-1,MODULE ASSY-ANNUNCIATOR FAULT DETECTION,1,,
101-364580-11,MODULE ASSY-ANNUNCIATOR FAULT DETECTION,3,,
101-364387-7,MOISTURE SHIELD FUEL CONTROL PANEL,1,,
100-384040-3,MOTOR,3,,
ES61136-2,MOTOR,2,,
A-6458,MOTOR  FLASHER UNITS & ROTATING LIGHTS,2,,
58-380090-0007,MOTOR - LANDING GEAR RETRACT,1.5,,
17200-382,MOTOR  PUMP,1,,
A6458,MOTOR  REF BMTX,1,,
115-380002-5,MOTOR /LANDING GEAR RETRACT/,8,,
100-524073-3,MOTOR AND GEARASSY,3,,
100-524073-1,MOTOR AND GEARBOX ASSY-FLAP DRIVE,3,,
50-380071,MOTOR ASSY,7,,
101-384165-1,MOTOR ASSY-WINDSHIELD WIPER,8,,
571302,MOTOR HYD PWR PACK,2,,
A6531,MOTOR ROTATING,1.5,,
24002-2,MOTOR W/3AC TY CON,5,,
50-389133-15,MOUNT (ENGINE),2,,
117-910057-15,MOUNTING ASSEMBLY,4,,
5725 KIT,MTR & PUMP ASY L/S,1,,
DSR468-16,N/W BAL.WEIGHT BOL,1,,
1999,NAV LIGHT BULB,0.3,,
203529-2,NAV LIGHT BULB,0.3,,
100-384125-3,NAV VERT STAB ANTENNA,2,,
101-410095-29,NOSE CONE ASSEMBLY,8,,
112-380022-17,NOSE GEAR ACTUATOR,6,,
50-820023-8,NOSE GEAR SPACER,8,,
101-820020-603,NOSE LANDING GEAR - LESS WHEEL & TIRE,5,,
101-820020-615,NOSE LANDING GEAR  WITH WHEEL AND TIRE,8,,
27700-4,NOZZLE,4,,
3019424,NOZZLE,1,,
3033492,NOZZLE,5,,
101450-11952,NTER POINTER ENCODING ALTIM,4,,
22605-03,NUT SAFETY OUTLET,0.5,,
681201-1,OAT PROBE ASSEMBLY,1,,
101-384199-3,OAT PROCESSOR,2.5,,
101-8002-59,OBD WHL H5002464-2,2,,
100-389015-5,OIL COOLER,2,,
3033315,OIL FILTER,0.5,,
3031026,OIL FILTER COVER,1,,
3059258-01,OIL FILTER ELEMENT,0.5,,
3070976-01,OIL FILTER ELEMENT,1,,
101-389023-5,OIL PRESSURE TRANSDUCER,1,,
101-389023-7,OIL PRESSURE TRANSDUCER,1,,
101-384122-7,OIL TEMP & PRESSURE INDICATOR,1,,
MS9387-04,O-RING,2,,
MS28778-4,O-RING  PREFORMED,0.2,,
103648-4,OUTFLOW/SAFETY VALVE,2,,
103648-5,OUTFLOW/SAFETY VALVE,2,,
103648-7,OUTFLOW/SAFETY VALVE-CABIN PRESSURIZATIO,2,,
101-384211-1,OUTLET VALVE,1,,
122-384003-1,OUTSIDE AIR TEMP SENSOR,10,,
101-389000-3,OVERSPEED GOVERNOR,1,,
101-389000-5,OVERSPEED GOVERNOR,3,,
800438-14,OXYGEN CAPILLARY LINE ASSEMBLY,4,,
101-384033-3,OXYGEN CYLINDER      *RA*,4.5,,
101-384200-1,OXYGEN CYLINDER ASSY 22 CU FT*RA,2,,
101-384200-5,OXYGEN CYLINDER ASSY 77 CU FT *RA,3.5,,
99-384042-1,OXYGEN GAUGE,2,,
174260-23,OXYGEN MASK,0.5,,
174151M48B48A1,OXYGEN MASK 174151,0.5,,
MC10-02-155,OXYGEN MASK ASSEMBLY  WITH HARNESS,0.5,,
101-384220-3,OXYGEN MASK ASSY,1,,
801292-01,OXYGEN REGULATOR,3,,
101-384037-1,OXYGEN VALVE-OF/ON,2,,
130-340097-1,P C BOARD ASSEMBLY AUDIO,1,,
115-389001-25,P CABLE LH,16,,
115-8001-12,PACKING,1.5,,
AS3208-05,PACKING,0.01,,
MS9386-014,PACKING,0.01,,
AS3209-113,PACKING  PREFORMED,0.01,,
68-448,PACKING - PREFORMED,2,,
MS9385-09,PACKING-PREFORMED,0.01,,
MS9386-015,PACKING-PREFORMED,0.01,,
MS9386-126,PACKING-PREFORMED,0.01,,
101-530651-7,PAD,1,,
101-530651-23,PAD-VISOR ASSY-         SUN,1.5,,
101-920061-7,PAN-ANTI-SIPHON ASSEM   FUEL FILLER,7,,
50-534552-203,PANEL - UPHOLSTERY INSTALLATION-MAIN ACC,2,,
101-029323-607,PANEL ASSEMBLY,1.5,,
101-364958-0001,PANEL ASSEMBLY,1,,
101-420070-11,PANEL ASSEMBLY - FLOORBOARD COCKPIT,2,,
101-530362-3,PANEL ASSEMBLY (BREAKDOWN),1,,
101-364528-3,PANEL ASSEMBLY-AIRSTAIR  DOOR,1,,
132716-3,PANEL ASSEMBLY-EDGE LIGHTED RADIO CALL,1,,
101-384261-0001,PANEL ASSEMBLY-ELECTRO,1,,
101-384262-0001,PANEL ASSEMBLY-ELECTRO,1,,
101-384263-0001,PANEL ASSEMBLY-ELECTRO,1,,
101-384266-0001,PANEL ASSEMBLY-ELECTRO,1.5,,
101-384268-0001,PANEL ASSEMBLY-ELECTRO,1,,
101-384269-0001,PANEL ASSEMBLY-ELECTRO,1,,
130-384015-0003,PANEL ASSEMBLY-ELECTRO,1,,
101-530165-3,PANEL ASSEMBLY-UPHOL INSTALPEDESTAL,1,,
101-364112-605,PANEL ASSEM-TRIM MOTOR  CONTROL,3,,
100-530168-67,PANEL ASSEM-WINDOW INNER,1,,
130-384021-0001,PANEL ASSY-ELECTROLUMINESCENT CIRCUIT BR,1,,
130-384014-0001,PANEL ASSY-ELECTROLUMINESCENT INBD SUBPA,1,,
50-534552-205,PANEL-UPHOLSTERY INSTALLATION-MAIN ACCES,2.5,,
50-534552-207,PANEL-UPHOLSTERY INSTALLATION-MAIN ACCES,2,,
101-530884-1,PANE-WINDOW PANE INNER COCKPIT,1,,
101-920072-13,PAN-VENT TIP TANK,3,,
90-530130-39,PARTITION ASSEMBLY,1,,
489-58,PARTS KIT - BRAKE CONVERSION,4,,
A6914-1024-1,PATCH KIT,0.5,,
300-1753-1,PC BOARD ASSEMBLY,2,,
130-340095-1,PC BOARD ASSEMBLY-COMPONENT,1,,
101-361096-1,PC BOARD ASSEMBLY-EXTERNAL POWER LIGHT,1,,
BB052001PL,PHASE 1 OP INSP,2,,
BB052002PL,PHASE 2 OP INSP,2.1,,
BB052003PL,PHASE 3 OP INSP,2,,
BB052004PL,PHASE 4 OP INSP,2.1,,
1680-628,PICK UP,2,,
1680628,PICK UP,2,,
260-1023-29,PIN  POP-UP,1,,
50-430043-393,PIN-DOOR ASSEMBLY MAIN ACCESS,1,,
101-810011-1,PISTON & AXLE ASSEM,5,,
50-820020,PISTON ASSEMBLY,1,,
PH502-3,PITOT TUBE,1,,
50-384040-3,PITOT TUBE L.H.,1,,
50-384040-5,PITOT TUBE RH,3,,
117-910060-13,PIVOT PLATE,2,,
BB052167PL,PL COMPLETE INSP,8,,
BB055020PL,PL COMPLETE INSP,2.41,,
BB052169PL,PL SPEC. ESIS CAP TEST,4,,
BB052168PL,PL SPEC.ESIS PERIODIC,1,,
100-820014,PLACARD,0.5,,
115098-5,PLACRD BEECHCRAFT,1,,
50-430174-7,PLATE,0.75,,
50-910482-5,PLATE,0.5,,
101-910075-1,PLATE  AIR INLET  UPPER,0.6,,
50-430174-3,PLATE  CABIN DOOR INSPECTION,1,,
100-430085-1,PLATE - DOOR PLACARD-   MAIN ACCESS,0.4,,
50-910482-3,PLATE - ENGINE OIL SERVICE INSTRUCTION,0.5,,
101-8002-17,PLATE ASSY (SEE MM DESIGN 2 NOTES),1,,
50-430174,PLATE INSTL,0.5,,
50-910033-3,PLATE-COWLING FASTNER WEAR,1,,
101-514180-1,PLATE-INST,0.5,,
101-384083-1,PLATE-INSTRUCTION  CHAIR AND SHOULDER HA,0.5,,
101-550323-603,PLENUM ASSEMBLY,10,,
101-590107-1,PLUG - BLEED AIR INTAKE SCOOP,1,,
101-380013-3,PNEUMOSTAT,1,,
APVL-251411-1-F,POLARIZED WINDOW - FIXED,2,,
APVL-251411-1-F-1,POLARIZED WINDOW - FIXED,2,,
APVL-251411-3-R,POLARIZED WINDOW (ROTATING),1,,
251411-1,POLARIZED WINDOW PANE /HNIR-27/,3,,
251411-3,POLARIZED WINDOW PANE /HNVL-36/,3,,
APVL-251411-3-R-1,POLARIZING WINDOW,1,,
30-1480-1,POSITION LIGHT,1,,
26080,POTENTIOMETER,2,,
CM41172,POTENTIOMETER,1.5,,
CM42873,POTENTIOMETER,4,,
CM39569,POTENTIOMETER 500 OHM,1,,
101-389035-11,POWER CONT CABLE,12,,
RR18,POWER CONVERTER  DC TO DC,1,,
101-388005-17,POWER PACK ASSEMBLY,10,,
101-388005-21,POWER PACK ASSEMBLY,10,,
101-388005-11,POWER PACK ASSY,10,,
101-388005-19,POWER PACK ASSY,10,,
60-1750-3,POWER SUPPLY,3.5,,
LT-55(C),POWER SUPPLY  5 VOLT TRACKING,1.5,,
100-384118-21,POWER SUPPLY  LIGHT ASSEMBLY,3,,
501-1228-03,POWER SUPPLY *RA-N,2,,
58-380017-3,PRESSURE GAUGE,1,,
101-380002-11,PRESSURE SWITCH,3,,
101-384081-3,PRESSURE SWITCH,2.5,,
101-384081-5,PRESSURE SWITCH,4.5,,
101-389004-3,PRESSURE SWITCH,1.5,,
1203P0005,PRESSURE SWITCH,1,,
570383,PRESSURE SWITCH,2,,
90-380002-3,PRESSURE SWITCH,2.5,,
50-389121-1,PRESSURE SWITCH  OIL,1,,
50-389121-15,PRESSURE SWITCH  OIL,2,,
50-389121-19,PRESSURE SWITCH  OIL,2,,
50-389121-25,PRESSURE SWITCH  OIL,2,,
50-389121-3,PRESSURE SWITCH  OIL,1,,
50-389121-31,PRESSURE SWITCH  OIL,2,,
90-364022-11,PRINTED CIRCUIT BOARD   ASSEM,2,,
101-361096-3,PRINTED CIRCUIT BOARD ASSEMBLY,1,,
101-384199-5,PROBE,2.5,,
100-380006-85,PROBE  -  USE -169,5,,
100-380006-113,PROBE FUEL QUANTITY CAPACITANCE TYPE,5,,
100-380006-115,PROBE FUEL QUANTITY CAPACITANCE TYPE,5,,
100-380006-119,PROBE FUEL QUANTITY CAPACITANCE TYPE,5,,
100-380006-141,PROBE FUEL QUANTITY CAPACITANCE TYPE,5,,
100-380006-143,PROBE FUEL QUANTITY CAPACITANCE TYPE,5,,
100-380006-151,PROBE FUEL QUANTITY CAPACITANCE TYPE,5,,
100-380006-167,PROBE FUEL QUANTITY CAPACITANCE TYPE,5,,
100-380006-81,PROBE FUEL QUANTITY CAPACITANCE TYPE,5,,
100-380006-145,PROBE WG,5,,
3035931,PROP GOV,4,,
50-380035-5,PROP TACHOMETER,1,,
101-590015-3,PROPELLER SLING-DUST COVERS & PROP RESTR,0.5,,
101-384218-9,PULL CABLE ASSEMBLY-OXYGEN,2,,
117-910059-1,PULLEY,2,,
MS20219-2,PULLEY,1.5,,
117-910059-3,PULLEY-DRIVE FREON COMPRESSOR,2,,
50-524448-3,PUSH ROD ASSEM RUDDER   PEDAL,1.5,,
101-384172-9,QUADRANT REGULATOR,4,,
115-555025-7,QUILL SHAFT,6,,
115-555025-9,QUILL SHAFT,6,,
101-910024-620,R/H FWD LOWER COWLING,2,,
101-910025-622,R/H FWD UPPER COWL ASSEMBLY,4,,
S67-2002-14,RADIO ALTIMETER ANTENNA,2,,
101-410068-15,RADOME ASSY,1,,
PM-21,RADOME BOOT  KA,1.5,,
50-384073,RATE OF CLIMB IND,1,,
50-380045,RATE OF CLIMB INDICATOR,1,,
101-384079-1,REC DRYER,1,,
101-384079-3,REC DRYER,1,,
90-384019-3,RECEIVER - DRYER & SIGHT GAGE,6,,
101-384079-5,RECEIVER DRYER,1,,
162A8279G13,RECEPTACLE,1,,
AN3115-1,RECEPTACLE,0.6,,
30-1414-1,RECOGNITION LIGHT,1,,
01-0770453-01,RECOGNITION LIGHT ASSEMBLY PAINTED,1.5,,
01-0770453-00,RECOGNITION LIGHT ASSY  UNPAINTED,1,,
5734A2,REFRIGERATION VALVE,2,,
172010-21,REGULATOR,3.5,,
101-380027-3,REGULATOR & RELIEF VALVE ASSEMBLY,2,,
803213-02,REGULATOR O2,4,,
2H3-15,REGULATOR VALVE,3,,
109-381002-1,RELAY,1,,
50-380048-11,RELAY,1,,
50-380048-5,RELAY,1,,
6041H189,RELAY,1.5,,
6041H190,RELAY,1,,
6041H205A,RELAY,1.5,,
6041H228,RELAY,1.5,,
KC-D2A,RELAY,1,,
KC-J2A,RELAY,1,,
M5757/1-021,RELAY,4,,
M83536/32-005,RELAY,2,,
MS24166-D1,RELAY,1,,
SM200D11,RELAY,2,,
SM400D5,RELAY,6,,
X-D2N-300M,RELAY,3,,
50-380048-1,RELAY  SEALED,1,,
FC6-250,RELAY 6 POLE DOUBLE THROW,3,,
101-500038-5,RELAY ASSEMBLY AUTO TRIM,2,,
LMD-5001-P,RELAY MODULE,2.5,,
90-530034-1,RELIEF TUBE TOILET ASSEM,1,,
506-1,RELIEF VALVE,1.5,,
SM600BA10A1,REMOTE CONTROL CIRCUIT BREAKER,10,,
50-580039,RESERVOIR ASSY - BRAKES,1,,
643-38-7,RESET SWITCH,1,,
504247-403-2253,RESTRAINT SYSTEM ASSEMBLY,3,,
504247-403-2255,RESTRAINT SYSTEM ASSEMBLY  FAWN,3,,
504247-403,RESTRAINT SYSTEM ASSY,2,,
504247-404-2255,RESTRAINT SYSTEM ASSY,1,,
101-530855-1,RETAINER,1,,
50-810347,RETAINER ASSEMBLY,1,,
101-384109-13,RETAINER ASSY,1,,
130-384022-0005,REVERSIONARY PANEL,1,,
3038315,RING SEALNG EXH DU,2,,
50-430016-13,ROD - LATCH  MAIN DOOR,6,,
002-381003-5,ROD END,2,,
115-555026-15,ROD END BELT TIGHT COMPRESSOR,1,,
50-440049-7,ROLLER ASSEM,2,,
101-430032-7,ROLLER ASSEMBLY - MAIN ACCESS DOOR,3,,
17AS8037,ROTARY SWITCH,1,,
570357,RTRN FILTER SCREEN,2.5,,
97-524028-11,RUDDER - CABLE ASSEMBLY,8,,
101-630000-613,RUDDER ASSEMBLY,12,,
VP400KHAC,SAFT B-CELL**RA***,1,,
101-910049-125,SCREEN,4.5,,
939135,SCREEN,2.5,,
ST3385-02,SCREW,0.01,,
MS24694-S4,SCREW  MACHINE  FLAT CSK HEAD 100 DEGREE,0.01,,
AN525-10R6,SCREW  MACHINE  WASHER HEAD,0.01,,
002-430008-411,SEAL,2,,
101-420126-1,SEAL,3,,
131726-3,SEAL,1,,
3016576,SEAL,1.5,,
3022375,SEAL,2,,
3022376,SEAL,2,,
3022454,SEAL,16,,
50-300011-39,SEAL,0.3,,
CCA-1319,SEAL,0.5,,
S-3760,SEAL,2,,
5011064,SEAL - BEARING  WHEEL,1,,
101-384139-5,SEAL - CABIN WINDOW,8,,
50-430061-3,SEAL  DOOR,1.5,,
101-420209-0001,SEAL - STORM WINDOW,3,,
130335-1,SEAL - TAB CABLE AIR,2,,
101-120100-1,SEAL ASSEM-L E AIR      EXHAUST DUCT,1,,
50-430061-27,SEAL ASSY  DOOR,2,,
101-910049-85,SEAL LOWER AFT COWLING,2,,
115-430000-101,SEAL UPPER FUSELAGE,3,,
PR1425B 1/2,SEALANT 6OZ TUBE*RA-T,1,,
PR1425B2 QT KIT,SEALANT**RA-T,1,,
PR1425B1/2 PT,SEALANT*RA-N,1,,
101-910097-1,SEAL-BLEED AIR ENGINE,1,,
101-384246-1,SEAL-CARGO TEAR DROP STORM & COCKPIT WIN,8,,
101-384246-5,SEAL-CARGO TEAR DROP STORM & COCKPT WIND,12,,
50-410015-121,SEAL-NOSE DOOR COMPT,2,,
50-430182-5,SEAL-THRESHOLD AIR      STAIR DOOR,3,,
190-1057-3,SEAT BACK EMBLEM ASSEMBLY,2,,
128-380071-17,SEAT BELT RETRACTOR ASSY,2,,
101-420119-1,SEAT TRACK,2,,
97-430022-99,SEAT TRACK CABIN RIGHT  SIDE,10,,
99-384012,SELF LUMINOUS MARKER *RA*,1,,
AYLF50304,SENSE ELEMENT,1.5,,
101-364179-1,SENSOR ASSEMBLY - AMBIENT LIGHT,1.5,,
101-361143-1,SENSOR ASSEMBLY-OVERCURRENT HALL EFFECT,2,,
101-388008-3,SERVICE VALVE,4,,
1900-7 4-1,SERVO,3.5,,
101-524973-1,SERVO ASSEMBLY - RUDDER BOOST,2,,
117-910058-5,SHAFT,2,,
101-910026-195,SHAFT ASSEMBLY CONTROL INSTL,3,,
101-910026-61,SHAFT ASSEM-CONTROL     INSTL,3,,
101-530651-13,SHAFT ASSY SUNVISR,1.5,,
101-910026-197,SHAFT ASSY-CONTROL INSTL,3,,
3119920-01,SHEATH,2,,
3019491,SHEATH -135 -21,0.5,,
3102233-01,SHEATH FUEL NOZZLE,1,,
101-620039-25,SHELL ASSEMBLY-FAIRING  HORIZ & VERT STA,8,,
101-910079-3,SHIELD,0.5,,
101-910202-1,SHIELD,1,,
101-910128-3,SHIELD ASSY - AFT UPR,4,,
101-910025-117,SHIELD COWLING - COWLING ASSY - FWD UPPR,1,,
101-910079-1,SHIELD-FIRE DETECTOR    ENGINE,0.5,,
101-430058-5,SHIELD-ROTATING BEACON,1,,
169-380029-7,SHIMMY DAMPER,1,,
115-820066-3,SHOCK ABSORBER,6,,
101-820074-1,SHOCK ABSORBER FORK & AXLE ASSEMBLY,3,,
504247-207-2850,SHOULDER HARNESS (METRO GREY),1,,
101-530764-1,SHROUD - FLUORSCENT LIGHT,1,,
101-531023-7,SIDE COVER - SEAT  CREW,1,,
101-430205-5,SKIN,80,,
50-110028-703,SKIN ASSEMBLY,30,,
50-110028-31,SKIN WING TE FLAP LOWER,20,,
50-110028-17,SKIN-OUTBD WING T E FLAPUPPER,20,,
115-8001-14,SLEEVE,1,,
C203-925,SLIDE 15,1.5,,
D40260,SLIP RING ASSY,7.5,,
4E2674-2,SLIP RING S/N,2,,
KINGAIR200-8LH,SN1096-ON,6,,
KINGAIR200-8RH,SN1096-ON,6,,
123554,SNUBBER,1,,
AE95993H,SOCKET,1,,
1260470-3,SOFT START MODULE,3,,
1260470-7,SOFT START MODULE,3,,
189894-001,SOLENOID,2,,
101-380018-5,SOLENOID VALVE,2,,
717 SOLENOID,SOLENOID VALVE,2.5,,
100-389020-1,SOLENOID VALVE *RA,2,,
3012928,SPACER,0.5,,
101-530836-17,SPACER-CARPET INSTALLATION-COCKPIT& CABI,0.3,,
50-820088,SPACER-NOSE WHEEL,1,,
101-410095-31,SPARES CONE ASSEMBLY,10,,
TS106,SPEAKER,0.5,,
101-343081-1,SPEAKER ASSEMBLY - CABIN,2,,
190-1010-1,SPIGOT ASSY,1,,
D5210P,SPINNER,1.5,,
100-530350-47,SPRING,0.8,,
111504-YD0800-2,SPRING,0.8,,
627495 SPRING,SPRING,1,,
101-430337-1,SPRING - AIRSTAIR DOOR  SWITCH,2.5,,
100942AG0206-136,SPRING  EXTENSION,0.5,,
101-430275-1,SPRING  TORSION,1,,
50-440012-380,SPRING MAIN ACCESS DOOR,1.5,,
101-530349-9,SPRING STOP-VISOR INSTALLATION SUN,0.5,,
50-430043-1173,SPRING-DOOR INSTL MAIN ACCESS AIR STAIR,1,,
50-524478-15,SPRING-PROP DETENT & THROTTLE SWITCH,1,,
13083-5,SQUIBB**RA**FIREMARSHALL,2,,
96-950004-151,STACK TUBE ASSEMBLY - EXHAUST SYSTEM,3,,
96-950004-159,STACK TUBE ASSEMBLY - EXHAUST SYSTEM,3,,
101-361022-613,STALL WARNING PANEL,1,,
101-389007-1,STARTER GENERATOR,3,,
23048-016,STARTER GENERATOR,2.5,,
23085-001,STARTER/GENERATOR,2,,
SS50,STATIC INVERTER,1,,
MCOC28926-651,STEP ASSEMBLY WITH LIGHT,3,,
50-430040-51,STEP ASSEMBLY-DOOR ASSEMBLY MAIN ACCESS,2,,
101-910024-67,STIFFENER-FWD LWR COWLING,3,,
101-910025-5 U,STIFFENER-FWD UPPER COWL,6,,
101-531197-7,STOP,1,,
414-180657-3,STOP,1,,
101-530651-11,STOP ASSY SUNVISOR,1,,
50-420083-35,STOP-STORM WINDOW,1,,
101-420080-1,STORM WINDOW,2,,
101-420080-2,STORM WINDOW,2,,
101-420080-5,STORM WINDOW (DRILLED),2,,
101-420080-6,STORM WINDOW (DRILLED),2,,
101-420080-7,STORM WINDOW (UNDRILLED),4,,
101-420080-8,STORM WINDOW (UNDRILLED),4,,
101-420122-603,STORM WINDOW ASSEMBLY - CREW ENCLOSURE,1.7,,
101-420122-604,STORM WINDOW ASSEMBLY - CREW ENCLOSURE,1.7,,
101-420122-609,STORM WINDOW ASSEMBLY - CREW ENCLOSURE,2,,
101-420122-610,STORM WINDOW ASSEMBLY - CREW ENCLOSURE,1.7,,
50-420083-601,STORM WINDOW ASSEM-CREW ENCL,4,,
99-580109-1,STOW CLIP,0.5,,
101-530709-1,STOWAGE TRAY JEPPESEN MANUAL,1,,
101-5041-1 S,STRESS FREE WINDSHIELD INSTL - KIT,8,,
101-5041-3 S,STRESS FREE WINDSHIELD INSTL - KIT,12,,
130-430001-62,STRINGER-LWR CABIN,30,,
130-430001-64,STRINGER-LWR CABIN,30,,
000-110105-71,STRIP-SEAL-CANT W.S.    99.616 LEADING E,10,,
000-110105-72,STRIP-SEAL-CANT W.S.    99.616 LEADING E,10,,
01-0790028-01,STROBE LIGHT,1.5,,
30-1331-3,STROBE LIGHT,1,,
30-1331-5,STROBE LIGHT,2,,
01-0790029-03,STROBE LIGHT ASSEMBLY,2,,
30-1329-5M,STROBE RED W/P&R,1,,
A500ASP-V-28,STROBE/NAV LIGHT,2,,
A500SP28,STROBE/NAV LIGHT,2.5,,
01-0770024-25,STROBE/NAVLIGHT,2,,
101-384133-1,SUCTION GAUGE,1.5,,
101-531228-16,SUNVISOR ASSEMBLY,1,,
101-531228-15,SUNVISOR ASSY,1.5,,
101-580273-9,SUPPORT,1.5,,
101-514177-5,SUPPORT ASSEM OUTS HANDLE AIRSTAIR,3,,
101-531438-6009,SUPPORT ASSEM.          ARMREST STOWABLE,2,,
90-530144-7,SUPPORT ASSEMBLY,0.5,,
101-530349-3,SUPPORT ASSEMBLY-SUN VISOR INSTALLATION,1,,
101-810016-1,SUPPORT DOOR ACTUA,1,,
B5457,SUPPORT SPINNER,0.4,,
50-820229-1,SUPPT ASSEM-NOSE G,6,,
100-381006-1,SWITCH,2,,
101HS1,SWITCH,2,,
1322ZMK3,SWITCH,6,,
13AT4S,SWITCH,1.5,,
1TP1-2,SWITCH,0.5,,
30-1,SWITCH,1,,
444EN49-6,SWITCH,4,,
45AS48008-015,SWITCH,3,,
50-384086-1,SWITCH,2.5,,
601-4300,SWITCH,1,,
7401TZQE,SWITCH,2,,
BZ2RQ181A2,SWITCH,1,,
BZ7RW82255518T,SWITCH,2,,
BZ7RW8225551T,SWITCH,1,,
BZ7RWT822,SWITCH,1,,
C2006,SWITCH,1.5,,
MS24524-26,SWITCH,3.5,,
MS24658-21L,SWITCH,1.5,,
MS24659-31M,SWITCH,1.8,,
MS25008-1,SWITCH,3,,
MS25125E3,SWITCH,2,,
MS27408-4A,SWITCH,1,,
P2-110311,SWITCH,1.5,,
101-384028-41,SWITCH  BAROMETRIC PRESSURE,2,,
101-384028-43,SWITCH  BAROMETRIC PRESSURE,2,,
404EN1-6,SWITCH - ENCLOSED,1.5,,
132516-P4103,SWITCH - GND COM-ILLUMINATED FOUR POLE,2,,
101-384028-29,SWITCH  PRESSURE,2,,
101-384028-31,SWITCH  PRESSURE,4,,
101-384028-33,SWITCH  PRESSURE,2,,
624833,SWITCH  PRESSURE  HYD.,2,,
132516-P1105,SWITCH - PROP SYNC ANNUNCIATOR,2,,
132516-P2115,SWITCH - PROP SYNC ON & TCAS ON,2,,
309-4301,SWITCH  ROCKER,2.5,,
10648BT1-3,SWITCH (GND COMM PWR),1,,
122-382088-7,SWITCH ASSEM,1,,
101-364628-3,SWITCH ASSEMBLY,2,,
101-384072-1,SWITCH ASSEMBLY,2.5,,
101-384072-3,SWITCH ASSEMBLY,2.5,,
101-384028-45,SWITCH ASSEMBLY - BAROMETRIC PRESSURE,2,,
101-384028-47,SWITCH ASSEMBLY - BAROMETRIC PRESSURE,2,,
50-364314-71,SWITCH ASSEMBLY  FLAP,4,,
114-361031-19,SWITCH ASSEMBLY - FLAP LIMIT-WIRED,1,,
101-364628-1,SWITCH ASSEMBLY - GEAR POS,2,,
101-384137-3,SWITCH ASSEMBLY - LANDING GEAR CONTROL,4,,
101-384137-7,SWITCH ASSEMBLY - LANDING GEAR CONTROL,3,,
101-384137-9,SWITCH ASSEMBLY - LANDING GEAR CONTROL,3,,
101-364628-9,SWITCH ASSEMBLY - NOSE GEAR  DOWN LOCK,2,,
99-340253-1,SWITCH ASSEMBLY CONTROL WHEEL,1.5,,
90-361037-1,SWITCH ASSEMBLY MAIN LANDING GEAR,3,,
101-555153-1,SWITCH ASSEMBLY/RESET AIR CONDITIONER,1,,
101-570022-7,SWITCH ASSEMBLY-FIRE PROTECTION SYS TEST,2,,
101-384119-1,SWITCH ASSEMBLY-PRESSURE DIFFERENTIAL,2,,
101-570021-2,SWITCH ASSEM-FIRE       EXTINGUISHER,1.5,,
997-0030,SWITCH BLACK,1,,
39EN6-6,SWITCH ENCLOSED (1900 AIRPLANES ONLY),4,,
122-382088-5,SWITCH LIGHT ASSEM,1,,
351-33790-007,SWITCH LIGHT ASSY,3,,
122-382170-5,SWITCH LIGHT ASSY-EXTINGUISHER DISCHAR,0.5,,
308-607-0843-004,SWITCH LIT L/G DWN,2,,
804-001,SWITCH PANEL,1,,
805-000,SWITCH PANEL,1,,
805-001,SWITCH PANEL,1,,
132516-P4101,SWITCH-ILLUMINATED FOUR POLE SWITCH,1.5,,
101-388010-1,SWIVEL FITTING,1.5,,
A213796,SYNCHROPHASER CONTROL BOX,2,,
50-389091,SYNCHROSCOPE INDICATOR  ENG/PROP,1,,
130-610000-103,TAB ASSEMBLY -   ELEVATOR,8,,
101-610000-13,TAB ASSEMBLY ELEVATOR,10,,
101-380118-3,TABLE ASSEMBLY,2,,
90-380044-3,TABLE ASSEMBLY,1.5,,
50-389057-1,TACH GENERATOR,1.5,,
01-0770144-00,TAIL FLOODLIGHT ASSEMBLY,2,,
01-0770144-01,TAIL FLOODLIGHT ASSY,2,,
A2064-1683,TAIL LIGHT ASSY,0.5,,
100-384118-5,TAIL STROBE LIGHT,1,,
17000-113,TANK ASSY,1,,
101-920093-1,TANK ASSY (REFER TO DESIGN DATA 2 NOTES),1,,
17000-311,TANK ASSY TOILET,2.5,,
BB652009,TBA,1,,
50-110028-708,TE FLAP UPPER,30,,
100-364295-3,TEMP CONTROLLER,1,,
HYLZ50336-001,TEMP CONTROLLER,4,,
MS28034-3,TEMPERATURE BULB,1,,
300-0689-1,TEMPERATURE SENSOR,2,,
3031792,TERMINAL,1,,
101-369011-3,TERMINAL ADAPTER STARTER GENERATO,0.5,,
MS25171-4S,TERMINAL COVER,0.5,,
101-380025-15,THERMISTOR,1,,
C100030-1,THERMISTOR,3,,
300-0751-1,THERMISTOR PROBE ASSEMBLY,2,,
3031682,THERMOCOUPLE,2,,
3034857,THERMOCOUPLE,3,,
3039532,THERMOCOUPLE,5,,
3053995CL12,THERMOCOUPLE  TRIM,1,,
3031566,THERMOCPLE/BUSBAR,2,,
20425L97-840-759,THERMOSTAT,2.5,,
G-714127,THERMOSTAT,2,,
3E1964-3,TIMER,1.5,,
58-380105-1,TIMER,1.5,,
B45018,TIMER,1,,
C45114,TIMER,2,,
101-130001-212,TIP-AILERON ASSEMBLY,2.5,,
101-610015-11,TIP-ELEVATOR ASSEMBLY,6,,
028-335-3,TIRE,2,,
115-8001-49,TIRE,1.5,,
22 675X10 8P TL,TIRE,1,,
301-345-870,TIRE 18X5.5 10,2,,
185F03-5,TIRE 18X5.5 10PR FLE 210 C NY,2,,
185F88-6,TIRE 18X5.5 8,2,,
033-631-0,TIRE 18X5.5 PLY10,2,,
028-630-0,TIRE 18X5.5 PLY8,2.5,,
196K08-9,TIRE 19.5X6.75,2,,
265K08-1,TIRE 22X6.75/10,2,,
301-392-641,TIRE 22X6.75/10,2,,
021-523-0,TIRE 22X6.75-10,2,,
026-524-0,TIRE 22X6.75-10,2.5,,
265F86-4,TIRE 22X6.75-10,2,,
265F86-8,TIRE 22X6.75-10,2,,
301-393-190,TIRE 22X6.75-10,1,,
301-393-353-D7201,TIRE 22X6.75-10,2,,
650T66-3,TIRE 6.50-10 6,2,,
021-349-0,TIRE 8.50-10 PLY8,2.5,,
028-630,TIRE BFG18X5.5 8P,2.5,,
026-618-0,TIRE H22X8.25-10,2.5,,
130-384006-17,TOILET CABINET ASSEMBLY,1.5,,
101-380091-5,TORQUE INDICATOR,1,,
101-384008-3,TORQUE INDICATOR,1,,
101-810023-3,TORQUE KNEE ASSEMBLY-DUAL WHEEL,2,,
3019240,TORQUE LIMITER,2,,
075-16201,TORQUE PLATE ASSEMBLY,3,,
101-524012-6015,TORQUE SHAFT ASSEMBLY RUDDER - AFT,6,,
100-384049-3,TORQUE TRANSMITTER,1,,
130-389002-3,TORQUE TRANSMITTER,1.5,,
101-610019-7,TORQUE TUBE ASSEMBLY-ELEVATOR,10,,
97-430022-93,TRACK - FLOORBOARD INSTL-CABIN RIGHT SID,6,,
400-0125-2000,TRANSCEIVER RT-18D,4,,
MJ11016,TRANSISTOR,0.01,,
1/2-2-81-306,TRANSMITTER,2,,
101-389005-3,TRANSMITTER,1.5,,
559-1,TRANSMITTER,2.5,,
AN5786-1,TRANSMITTER,1,,
453-0150,TRANSMITTER  ELT110-4(BEECH)*RA-N,1,,
130-389002-1,TRANSMITTER-TORQUE,1.5,,
50-534552-215,TRIM-UPHOLSTERY INSTALLATION-MAIN ACCESS,1.5,,
131823E4M1360,TUBE,0.5,,
3011155,TUBE,1,,
3021579,TUBE,2,,
101-440113-3,TUBE - TUBE ASSEMBLY -DR,1,,
90-820015-1,TUBE AND NUT ASSEMBLY,2.5,,
101-920001-29,TUBE ASSEM - FUEL SYSTEM,1,,
101-555148-11,TUBE ASSEM AIR COND,4,,
101-580192-1,TUBE ASSEMBLY,1,,
101-970022-1,TUBE ASSEMBLY,2,,
90-555038-13,TUBE ASSEMBLY,3.5,,
101-920004-24,TUBE ASSEMBLY - FUEL SYSTEM,2,,
101-580025-1,TUBE ASSY,2.5,,
3019295,TUBE ASSY,1,,
3019250,TUBE HEATER,1,,
101-530476-5,TUBE-TOILET PLUMBING,4,,
130936P4M1360,TUBE-TUBE BREAKAGE,3,,
90-384026-29,TURB INTERSTAGE TEMP,1,,
50-380034-1,TURBINE INDICATOR,2,,
50-380034-3,TURBINE INDICATOR,1,,
114-380010-1,TURN & BANK,1,,
91-380019-1,TURN & SLIP,1,,
91-380018-1,TURN & SLIP IND,1,,
101-380030-1,TURN & SLIP INDICATOR,1,,
101-380030-9,TURN & SLIP INDICATOR,1,,
101-380031-11,TURN & SLIP INDICATOR - 2 IN (LIGHTED),3,,
101-380031-1,TURN & SLIP INDICATOR UNLIGHTED,1.5,,
300-1409-1,TURN BUCKLE ROD END  LH,1,,
266E030500,UNDERWATER BEACON,1.5,,
DK120,UNDERWATER BEACON,2,,
AN815-12J,UNION,1.5,,
101-531385-13,UPHOL COVER ASSEMBLY CT S/N REQ D),0.01,,
FK275,V BELT,2.5,,
100-920067-1,VALVE,1,,
101-380013-13,VALVE,2.5,,
1532-10C,VALVE,5,,
3123122-01,VALVE,2,,
5043-18,VALVE,1.8,,
90-380000-3,VALVE,6.5,,
CCA-1550,VALVE,1,,
K4566-3,VALVE,2,,
101-389011-57,VALVE - CHECK,2,,
101-389025-1,VALVE - FIREWALL SHUTOFF  GATE TYPE,2,,
101-389025-5,VALVE  FUEL SHUTOFF *RA*,2,,
101-384032-3,VALVE ASSEM,2,,
101-380045-3,VALVE ASSEMBLY,3,,
101-381011-11,VALVE ASSEMBLY,2,,
101-384144-1,VALVE ASSEMBLY,5,,
101-384144-3,VALVE ASSEMBLY,5,,
50-300010-111,VALVE ASSEMBLY - 211-62,2,,
101-550087-23,VALVE ASSEMBLY - BYPASS  ENVIRONMENTAL B,7.5,,
101-384173-17,VALVE ASSEMBLY - CHECK ENVIRONMENTAL,4.5,,
101-380021-7,VALVE ASSEMBLY SOLENOID,5,,
101-381011-13,VALVE ASSEMBLY-BLEED AIR SHUT OFF,2,,
101-550087-25,VALVE ASSEMBLY-BYPASS ENVIRNMT BLEED AIR,2,,
101-380018-3,VALVE ASSEMBLY-SOLENOID PNEUMATIC SYS,1.5,,
101-380019-1,VALVE ASSEMBLY-SOLNOID  REFRIGERATE12SYS,2,,
100-920048-19,VALVE ASSEM-FUEL S      INSTL,4,,
101-380021-3,VALVE ASSEM-SOLENOID,2,,
101-380018-1,VALVE ASSEM-SOLENOID PNEUMATIC SYS,2,,
101-380018-7,VALVE ASSEM-SOLENOID PNEUMATIC SYSTEM,2,,
101-381000-9,VALVE ASSY,1.5,,
38-617,VALVE ASSY-POWER BRAKE RELAY,2,,
101-384032-7,VALVE ASSY-SHUTOFF OXYGEN,2,,
AR-B3-5-1,VALVE FILTER,0.5,,
170030-01,VALVE-ON/OFF  FIRST AID OXYGEN,1,,
390-385036-0009,VALVE-PRESSURE REG. SHUTOFF W/CHECK,5,,
101-910020-1,VANE  ASSEM,1,,
101-384100-1,VENT BLOWER ASSEMBLY,8,,
112054,VENT HEATER FUEL,1,,
101-384176-1,VENTILATING BLOWER ASSEMBLY,7,,
100-384054-1,VERTICAL SPEED INDICATOR,4,,
90-384036,VHF COMM ANTENNA,2,,
US-392,VINYL- SPIRIT - GUNMETEL VINYL,1.5,,
A7079B24,VOLT 40 WATT LIGHT,1,,
101-384107-3,VOLT FREQUENCY INDICATOR,1,,
101-384106-9,VOLT LOAD INDICATOR,1,,
50-380067,VOLT LOAD METER,2,,
101-384106-7,VOLT LOADMETER INDICATOR,1,,
51530-007B,VOLTAGE REGULATOR,1.5,,
275K6,V-RIBBED BELT,2,,
101-364586-23,WARNING ANNUNCIATOR LIGHT ASSY,1,,
50-105000-3,WASHER-FLAP TRACK INSTAL,1,,
MSBS90-500N72A,WAVEGUIDE,16,,
622-7337-001,WEATHER RADAR R/T,1,,
101-555020-5,WELD ASSEM - RECEIVER DRYER,1,,
101-910012-155,WELD ASSEM ENG          MOUNT,12,,
114-580160-29,WELD ASSEMBLY,2,,
101-910026-51,WELD ASSEMBLY-BELLCRANK ASSEM-CONTROL IN,3,,
100-524119-25,WELD ASSEMBLY-CONTROL COLUMN,20,,
101-980045-10,WELD ASSEMBLY-COVER-NACELLE,6,,
101-910049-105,WELD ASSEMBLY-COWLING ASSEM LOWER,8,,
101-910062-13,WELD ASSEM-LWR ADAPTER  STARTER GEN,1,,
VO-4026,WHEAT LEATHER,0.01,,
101-8015-1,WHEEL & TIRE ASSEMBLY,1,,
101-8001-47,WHEEL ASSEM,2,,
101-8026-5,WHEEL ASSY,2,,
D9961-12,WHITE LENS,0.5,,
101-430183-5,WINDOW,3.5,,
101-440042-1,WINDOW,8,,
101-440042-2,WINDOW - AFT  LAMINATED (OPP -1),8,,
101-530362-5,WINDOW - INNER-AFT COMPARTMENT,2,,
101-420081-9,WINDOW - PILOTS LAMINATED LH,10,,
101-420081-10,WINDOW - PILOTS LAMINATED RH,10,,
101-420122-51,WINDOW ASSEMBLY L/H,2,,
101-531087-608,WINDOW ASSEMBLY LH,3,,
101-420122-52,WINDOW ASSEMBLY R/H,2,,
101-531087-607,WINDOW ASSEMBLY RH,3,,
101-530536-1,WINDOW ASSEM-POLAR,1,,
101-430183-3,WINDOW CABIN SKIN & WINDASSEM-SIDE ERCO,2,,
101-531598-0007,WINDOW PANE ASSEMBLY,2,,
101-420081-1,WINDOW-PILOTS LAMINATED,4,,
101-420081-2,WINDOW-PILOTS LAMINATED,2,,
101-420081-5,WINDOW-PILOTS LAMINATED,7,,
101-384025-8,WINDSHIELD,10,,
101-384025-17,WINDSHIELD ASSEMBLY  LH,10,,
101-384025-16,WINDSHIELD ASSEMBLY  RH,10,,
101-384025-18,WINDSHIELD ASSEMBLY  RH,10,,
101-384025-23,WINDSHIELD ASSEMBLY LH,12,,
101-384025-24,WINDSHIELD ASSEMBLY RH,12,,
101-384025-21,WINDSHIELD LH,12,,
101-384025-22,WINDSHIELD RH,12,,
100-364295-1,WINDSHIELD TEMP PANEL,2,,
BB652008,WING BOLT RETORQUE AFTER INITIAL INSTALL,2,,
D-708,WING RADIUS KIT,0.01,,
504279,WIPER SCRAPER  C/R OIL SEAL TYPE,6,,
3E2092-4,WIRE HARNESS,2,,
B40276B,WIRE HARNESS,2.5,,
3019264,WIRE ROPE,1,,
B40377,WIRING HARNESS,3,,
101-369029-1,WIRING HARNESS ASSEMBLY - INTERSTATE,8,,
A-7615,WORM-WHEELS&PINION,1.5,,
