FL - SUPER KING AIR 300/B300 SERIES, ,,,
Valid for Models FA  FF  FL  FM  FN, ,,,
Changed 8/28/08 DW, ,,,
0.5 hrs during inspection  1.0 stand alone squawk, ,,,
jack deservice service bleed rig down jack., ,,,
see tech, ,,,
Troubleshooting to locate may be extensive., ,,,
Chgd 6-29-4 per Tech Support HC/mm, ,,,
wl-tm 10/23/07, ,,,
2/9/06 Roger Matthews  was 2.0, ,,,
n/a 2 to 8 hrs, ,,,
Collins part, ,,,
aft(2.0)---forward (6.0), ,,,
ok per tech support time to bleed brake is included, ,,,
includes static test time, ,,,
6hrs total=2hrs r&amp;r 4hrs for pitot/static test, ,,,
Includes static system check, ,,,
Phase 1 Op Insp  12/1/07 sl, ,,,
Phase 2 Op Insp   12/1/07 sl, ,,,
Phase 3 Op Insp    12/1/07 sl, ,,,
Phase 4 Op Insp  12/1/07 sl, ,,,
**To be claimed at initial 200 phase inspect only** For additional items, ,,,
rod clark 10/20/08, ,,,
12 MONTH WING BOLT LUBE, ,,,
ON AIRCRAFT WITH WING LOCKERS, ,,,
ON AIRCRAFT WITH WING LOCKERS, ,,,
FAR 91.411 &amp; 91.413 OK to + 2hrs for RVSM check @ insp., ,,,
Flat Rate to R&amp;R  Allow O/S invoice  for test., ,,,
Flat Rate to R&amp;R  Allow O/S invoice  for test., ,,,
*includes both lh/rh sides, ,,,
ref: pn# RG-380/44K, ,,,
ref: pn# RG-380/44K, ,,,
ref: pn# 501-1228, ,,,
changed 12/3/08 FR comm, ,,,
changed 12/3/05 FR Comm, ,,,
na, ,,,
na, ,,,
Proline Spec.Autopilot Insp, ,,,
Proline Spec.ESIS Periodic, ,,,
Proline Spec.ESIS Cap Test, ,,,
.01 see Rod Clark, ,,,
Includes both proline &amp; non-proline a/c, ,,,
Proline Complete Insp  12/1/07 sl, ,,,
DONOT USE, ,,,
allow for tbs per narrative &amp; a/c, ,,,
per committee 6/26/07, ,,,
FL055019, KA350 PHASE 2  3 & 4 INSPECTION,97,,
31-3376-3,* LENS ASSY,1,,
CCA-4850,1/8 PIPE DRAIN VALVE INSTALLATION,1,,
90-21-335-1711,19.5X6.75-8P10R160,1,,
90-61-335-1711,19.5X6.75-8P10R160,1,,
301-361-030,195X675-8 10PTLRB,1,,
90-21-335-0711,195X675-810P RB160,1,,
FL052131,2 YR ALT/TRANSPONDER ADC INSPECTION,10,,
90-21-523-0711,22X6.75-10PL8RB160,2,,
FL052160,24 MO PAX OXY SHUT OFF VLV O'RING REPLAC,2,,
A-7512-24,28 VOLT LIGHT LIGHT,0.5,,
453-5000-366,406 MHZ ELT - UNITED STATES *RA,1,,
101-555211-9,A/C COMPRESSOR          ASSEM.,4,,
101-555211-7,A/C COMPRESSOR ASSEM.,3,,
106127-1,AC OUTLET/DATA PORT ASSEMBLY,2,,
101-388009-5,ACCUMULATOR *RA-N,2.5,,
106-384001-5,ACTUATOR,2,,
106-384001-6,ACTUATOR,2,,
112-380022-21,ACTUATOR,5.5,,
58-380080-3,ACTUATOR,2,,
50-524161-607,ACTUATOR ASSEM,10,,
101-521016-2,ACTUATOR ASSEMBLY - FLAP  INBOARD,3,,
129-521050-2,ACTUATOR ASSEMBLY - FLAP  INBOARD,2,,
129-521050-6002,ACTUATOR ASSEMBLY - FLAP  INBOARD,5,,
129-521051-1,ACTUATOR ASSEMBLY - FLAP  INBOARD,2,,
129-521051-6001,ACTUATOR ASSEMBLY - FLAP  INBOARD L/H,1,,
129-521051-6002,ACTUATOR ASSEMBLY - FLAP  INBOARD R/H,2,,
129-521050-6001,ACTUATOR ASSEMBLY  INBOARD FLAP,5,,
114-389039-23,ACTUATOR ASSEMBLY ICE VANE,2,,
50-820208-5,ACTUATOR ASSEMBLY-NOS,3,,
130-524052-13,ACTUATOR ASSY,5,,
130-524052-7,ACTUATOR ASSY - ELEVATOR TRIM TAB,5,,
130-524052-8,ACTUATOR ASSY - ELEVATOR TRIM TAB,5,,
130-524052-17,ACTUATOR ASSY - LH,5,,
130-524052-19,ACTUATOR ASSY - RH,5,,
101-388014-13,ACTUATOR CYL ASSEM,8,,
112-380022-9,ACTUATOR CYLINDER-NOSE,6,,
JV-5,ACTUATOR SWITCH,2,,
NYLC50427,ACTUATOR-ELECTRO-MECHANICAL,3.5,,
50-921604-26,ADAPTER ASSEMBLY - FUEL SYSTEM,2,,
AD32.32.53F.28.1RA,ADDU,0.5,,
43-1-13-0,ADJUSTABLE GRIP LATCH MIDGET SIZE,3,,
(D)622-5797-001,ADS65  AIR SENSOR,2,,
101-440042-3,AFT CABIN WINDOW,8,,
101-440042-4,AFT CABIN WINDOW,8,,
99-130000-622,AILERON ASSEMBLY -RH,8,,
9D-80130-31,AIR DATA DISPLAY UNIT,5,,
101-380039-1,AIR FILTER,0.5,,
3024906,AIR FILTER KIT,0.8,,
3055-03,AIR OUTLET VALVE,0.5,,
101-388005-13,AIRIG PWR PACK ASY,10,,
101-388005-15,AIRIG PWR PACK ASY,10,,
101-380068-5,AIRSPEED INDICATOR,2,,
90-380028-9,AIRSPEED INDICATOR,6,,
130-380005-3,AIRSPEED INDICATOR (MAX ALLOWABLE),6.5,,
130-380039-3,AIRSPEED INDICATOR MAXIMUM ALLOWABLE,3,,
101-380029-1,ALTIMETER,2.5,,
58-380069-3,ALTIMETER,2,,
101-8027-5,ALUM NOSE WHEEL,2,,
3E1872-5,AM METER,1.5,,
240 AMPLIFIER,AMPLIFIER,1,,
9B-81040-20,ANALOG INTERFACE UNIT,2,,
101-120116-87,ANGLE - LE ASSY,1,,
101-910119-87,ANGLE-COWLING ASSEMBLY-FORWARD-LOWER,3,,
FL052505,ANNUAL CHECK OF OXYGEN SYSTEM,2,,
99-21P6B1-28949,ANNUNCIATOR,1,,
99-530-6C3-14344,ANNUNCIATOR ASSEMBLY,4,,
101-384080-1,ANNUNCIATOR BOX ASSEM 36 CHANNEL LOWER,8,,
101-384152-3,ANNUNCIATOR BOX ASSEMBLY,4,,
101-384084-161,ANNUNCIATOR LEGEND ASSEMBLY,1,,
90-43701-1,ANNUNCIATOR LIGHT ASSEMBLY,1,,
99-21P6B1-28948,ANNUNCIATOR SWITCH,1.5,,
10704,ANTENNA,1.5,,
110-320,ANTENNA  406 ROD,1,,
10706,ANTENNA  GPS,2,,
071-01550-0101,ANTENNA  RECEIVER TRANSMITTER (ART 2100),4,,
16390,ANTENNA LEAD THRU,2,,
90033-4,ANTI COLLISION LIGHT ASSY,2,,
90033-8,ANTI COLLISION LIGHT ASSY,2,,
01-0790033-04,ANTI-COLLISION LIGHT ASSEM.,2,,
101-920061-37,ANTI-SIPHON ASSEMBLY  FUEL FILLER,7,,
90-5062-1 S,ANTI-SIPHON INSTL       (COMM KIT),2,,
99-384026-1,ARM ASSEM,1.5,,
50-524326-34,ARM ASSY,4,,
99-384026,ARM ASSY,1,,
1292-601,ARMREST ASSEM,2,,
101-531000-13,ARMREST ASSEM CREW,4,,
1292-602,ARMREST ASSEMBLY,2,,
305541-2,ARMREST ASSEMBLY  LH,2,,
2021-1P/O,ASHTRAY,1,,
1U367-233-6,ATTITUDE INDICATOR,1,,
501-1828-01,ATTITUDE INDICATOR STBY,2,,
438,AUDIO AMPLIFIER,1.5,,
DB438,AUDIO AMPLIFIER,2,,
700-006,AUDIO AMPLIIFIER,2,,
600-001,AURAL WARN TONE GENERATOR,1,,
630-004,AURAL WARNING GENERATOR,2,,
101-810045-601,AXLE & PISTON ASSE      GR,5,,
129-910031-1,B.D. SHIELD ASSY,1,,
130-000000-603,B300 PLASTIC RADIO PANEL,4,,
130-530202-7007,BACK COVER ASSEMBLY,1,,
130-530202-7008,BACK COVER ASSEMBLY,1,,
130-530204-7009,Back cover assembly,1,,
101-384028-1,BAROMETRIC PRESS SWITCH,3.5,,
101-384028-25,BAROMETRIC PRESSURE SWITCH,2,,
50-820007-3,BARREL-NOSE GEAR SHIMMY DAMPER,3,,
C452,BATA RING,14,,
101-381008-7,BATTERY  36AH Saft  Model # 4057  *RA,1.5,,
452-0133,BATTERY  ELT *RA,1,,
RG380E/44K,BATTERY (USE RG-380E/44K)  *RA,1,,
14A,BATTERY *RA-N,0.3,,
DMU158-1,BATTERY *RA-N,1,,
RG-380E/44,BATTERY *RA-N,1,,
RG-380E/60K,BATTERY L-A - 48 AMP HOUR *RA-N,1,,
RG-380/44K,BATTERY LEAD ACID 24 VOLT**RA-N,1,,
810-2007/K,BATTERY REPLACEMENT KIT *RA,1.5,,
101-381008-1,BATTERY see md04 note,1.5,,
RG-380E/44K,BATTERY VRSLA 24 VOLT  *RA,1,,
RG-380E/40B,BATTERY-SEAL ACID*RA-N,1,,
102-364031-3,BEACON ASSEMBLY-LWR ANTI-COLLISION,1,,
19268,BEARING - CUP,0.5,,
19150,BEARING  TAPERED ROLLER,1,,
13621,BEARING CUP,1,,
CA 8800/F17865,BEECH WHITE PAINT*RA,0.01,,
50-430042-15,BELLCRANK - FOLDING STEP  AIR STAIR DOOR,4,,
101-524030-1,BELLCRANK ASSEMBLY,6,,
50-430042-7,BELLCRANK-FOLDING       DOOR ASSEM-MAIN,2.5,,
50-430042-9,BELLCRANK-FOLDING AIRSTEP DOOR ASSY-MAIN,4,,
115-389009-3,BELT,1,,
ES20173-4,BELT,0.5,,
VO-4017,BIRCH LEATHER,0.01,,
23T3-90,BLACK 595B-37038 #716999*RA,0.01,,
35C01000-19,BLANKET PANEL,1,,
101-910150-61,BLEED AIR - WELD ASSEMBLY - ENGINE,0.5,,
101-381015-3,BLEED AIR VALVE ASSEMBLY,2,,
3103174-04,BLEED VALVE,1.5,,
3117032-01,BLEEDER VALVE ASSY,2,,
A3026,BLOCK UNIT,1,,
101-384135-3,BLOWER,2,,
AI-BA128A-1,BLOWER,2.5,,
101-384004-13,BLOWER ASSEMBLY,3,,
101-384004-5,BLOWER ASSEMBLY,3,,
98-0907-1,BLOWER ASSEMBLY,6,,
101-810154-5,BOLT,1.5,,
B3339-1,BOLT,0.01,,
130909B175,BOLT  MACHINE  MAG INSPECTED,1,,
81786-10-18,BOLT  TENSION  INTERNAL WRENCHING,1,,
81786-10-20,BOLT  TENSION  INTERNAL WRENCHING,2,,
35-825005,BOLT ASSEMBLY - STEERIN ATTACH,0.5,,
50-820106,BOLT-NOSE GEAR STE      LINK,4,,
101-120076-601,BOND ASSEMBLY,2,,
101-120076-602,BOND ASSEMBLY-ACCESS  FULL CELL,2,,
101-380001-19,BOOT,16,,
101-380001-12,BOOT - DEICE,16,,
101-380001-30,BOOT - DEICE,16,,
101-120071-41,BOOT ASSEM-MOISTURE SEALWHEEL WELL,1,,
101-120091-37,BOOT ASSY,1,,
101-380001-20,BOOT VPN 25S-7D5041-18,16,,
295664-002,BOSE HEADSET-MODEL AHX-32-01,0.5,,
101-531280-3,BOTTOM - BOX ASSEMBLY - ACCESSORY,1,,
101-531145-2,BOTTOM CUSHION          CREW,1,,
130-530146-3,BOTTOM FRAME ASSEMBLY-TOILET,5,,
101-531219-3,BOTTOM FRAME WELD ASSEMBLY TOILET,3,,
101-384145-1,BOX ASSEMBLY,4,,
101-384152-1,BOX ASSY ANNUNCIATOR 42 STATION,3,,
101-820024-5,BRACE ASSEMBLY,10,,
99-810028-15,BRACE ASSEMBLY-MAIN GEAR-STD,6,,
101-820035-1,BRACE ASSEM-N.G. DRAG   LOWER,2,,
101-920095-1,BRACKET,2,,
101-531166-13,BRACKET ASSEM,1,,
101-531186-5,BRACKET ASSEMBLY RELIEF TUBE - COCKPIT,1,,
101-380096-1,BRAKE ASSY-NON-ASBESTOS VPN 2-1576,2,,
164-20900,BRAKE DISC,3,,
90-380001-23,BRAKE MASTER CYLINDER,2,,
SM50D7,BRAKE RELAY,2,,
4500S-A1,BRAKE VALVE,3,,
50-384082-1,BRIDGE & BLADE ASSEMBLY,0.5,,
3E2011-1,BRUSH,1,,
3E2011-3,BRUSH,0.5,,
3E2011-2,BRUSH MODULE ASSEMBLY,0.5,,
RG380E/40B,BTTY SEAL-ACID RA (SEE P/N RG-380E/40B),1,,
1982SP,BULB,0.5,,
327,BULB,0.5,,
A-7079-B24,BULB,1,,
A508-28V,BULB  28V,1,,
34-0226010-91,BULB 28V 150 WATT,1,,
A70828,BULB RECOG LIGHT,0.5,,
101-910116-9,BULKHEAD - AFT          LOWER COWLING,1.5,,
101-440079-5,BULKHEAD ASSEMBLY TAILCONE,2,,
MS3119E24-61,BULKHEAD RECEPTACLE,6,,
114-380018-1,CABIN CLIMB INDICATOR,0.5,,
HYLZ50336-1,CABIN CONTROL TEMP,4,,
071-04004-0001,CABIN EQUIPMENT  RACK AMPLIFIER,2,,
3A1000-1G100,CABIN INVERTER,2,,
HYLZ50336-011,CABIN TEMP CONTROLLER,4,,
50-380026-1,CABIN TEMP INDICATOR,1,,
3119836-01,CABLE,1,,
101-380000-5,CABLE ASSEMBLY,6,,
101-380000-6,CABLE ASSEMBLY,4,,
132538-A21,CABLE ASSEMBLY,0.5,,
132538A19,CABLE ASSEMBLY,2,,
132538A21,CABLE ASSEMBLY,2,,
822-1631-003,CABLE ASSEMBLY,0.01,,
CE9255-24,CABLE ASSEMBLY,2,,
101-364386-1,CABLE ASSEMBLY - CABIN SWITCH,4.5,,
101-364386-3,CABLE ASSEMBLY SWITCH CABIN DOOR,6,,
50-430043-437,CABLE ASSEMBLY-DOOR ASSEMBLY MAIN ACCESS,1.5,,
100-430046-37,CABLE ASSEMBLY-HANDRAIL AIRSTAIR DOOR,2,,
106-524051-15,CABLE ASSEMBLY-RUDDER RH,7,,
101-430120-1,CABLE ASSEMBLY-STEP ASSEM-MAIN ACCESS DR,2,,
101-389037-5,CABLE ASSY,12,,
101-389037-7,CABLE ASSY,12,,
1440-19,CABLE ASSY,1.5,,
50-820221-15,CAM ASSY,3,,
50-820221-16,CAM ASSY,3,,
50-820221-19,CAM-LANDING GEAR DOOR ACCUATOR,3,,
101-440039-13,CAP - TAIL CONE,2,,
50-580039-9,CAP ASSEM-RESERVOIR     ASSEM-BRAKES,0.3,,
101-380051-1,CAPILLARY LINE-OXYGEN GAGE;CHECK VALVE,1,,
A-3044,CARBON BLOCK ASSEMBLY,1,,
101-531060-43,CARPET ASSEM,2,,
130-530044-3,CARPET ASSEMBLY  CENTER,2.5,,
130-530159-49,CARPET ASSY,0.01,,
3015863,CARRIER,2,,
244-669,CARRIER & LINING,3.5,,
101-8001-243,CARRIER & LINING ASSEMBLY,2,,
101-8001-27,CARRIER244-416SSTX,3,,
260-1022-5,CERTIFICATE HOLDER,1,,
100-524123-5,CHAIN & CABLE ASSEMBLY-AILERON,20,,
101-531017-627,CHAIR ASSEM PILOT(UPHOLSTERED:ACF SN RQ),4,,
101-910119-165,CHANNEL-COWLING ASSEMBLY,4,,
109-910045-27,CHANNEL-FRAME-CANT. STA 39.26,2,,
101-380067-1,CHART HOLDER,1,,
101-380067-5,CHARTHOLDER,1,,
101-389011-23,CHECK VALVE,2,,
101-389011-27,CHECK VALVE,2,,
101-389011-31,CHECK VALVE,2,,
101-389011-39,CHECK VALVE,4,,
101-389011-65,CHECK VALVE,2,,
50-380170-27,CHECK VALVE,1.5,,
101-384138-1,CHIME,4.5,,
160-012-60,CIRCUIT BREAKER,2,,
35-380132-69,CIRCUIT BREAKER,1,,
5/10/7270,CIRCUIT BREAKER,1,,
7270-5-7 1/2,CIRCUIT BREAKER,1,,
2/15/7274,CIRCUIT BREAKER,1,,
2/3/7277,CIRCUIT BREAKER,2.5,,
MS25244-20,CIRCUIT BREAKER,1,,
MS26574-5,CIRCUIT BREAKER,2,,
35-380132-73,CIRCUIT BREAKER SWITCH,1,,
101-364851-1,CIRCUIT CARD ASSEM      ELEC HEAT CONTRO,3,,
101-364851-3,CIRCUIT CARD ASSEMBLY  HEAT CONTROL,1,,
101-364674-1,CIRCUIT CARD ASSEMBLY-EXT TEST,1,,
101-364715-1,CIRCUIT CARD ASSY  BUS TIE CONTROL,1,,
101-364782-1,CIRCUIT CARD ASSY PITCH INDICATOR,1,,
NH1005818-10,CLAMP,1,,
25706-3,CLEVIS,1,,
115-810075-3,CLEVIS BARREL,1,,
800706,CLIP  LANDYARD,0.5,,
50-120101-4,CLIP-COVER ASSEM-UPPER  AFT SPAR FITTING,1,,
AT4220A5,CLOCK,1,,
AT6620A1,CLOCK,2,,
130-340044-25,COAX ASSEMBLY - RADIO ALT.,2,,
130-340044-27,COAX ASSEMBLY - RADIO ALT.,2,,
500-88942-02,COAX CABLE ASSEMBLY,20,,
500-88942-03,COAX CABLE ASSEMBLY (BLUE),20,,
500-88942-01,COAX CABLE ASSEMBLY (RED),20,,
2100-1010-00,COCKPIT VOICE RECORDER (30 min),4,,
80037-110V,COFFEE JUG  W/O SPIGOT,1.5,,
101-384024-1,COIL ASSY -VAPORATOR,2,,
74-451-AA,COLD PATCH KIT*RA*,0.01,,
210-1007-1,COLD WATER TANK,1,,
C2400L4VM24B,COMPASS,4,,
101-530508-13,COMPASS ASSEM-STANBY,1.5,,
904624V311,COMPRESSOR,4,,
ER206R-25202,COMPRESSOR,10,,
101-555156-1,COMPRESSOR ASSEMBLY,4,,
201-0450-1,COMPRESSOR ASSEMBLY,4,,
90-555039-5,COMPRESSOR ASSEMBLY,8,,
101-555214-1,COMPRESSOR ASSY  AIR CONDITIONIN,4,,
100-384072-5,COMPRESSOR DRIVE MOTOR,8,,
101-910207-7,COMPRESSOR FITTING      AIR CONDITIONER,1,,
101-910207-9,COMPRESSOR FITTING      AIR CONDITIONER,1.5,,
101-389037-13,COND CONT CABLE,12,,
101-389037-15,COND CONT CABLE,12,,
101-384003-7,CONDENSER COIL ASSEMBLY,8,,
13600LA90069,CONE & SEAL,0.5,,
3008787,CONNECTOR,1,,
100-340477-19,CONNECTOR ASSEM B.D.,1.5,,
101-342277-27,CONNECTOR ASSEM B.D.,1,,
80037-110,CONTAINER  HOT,0.3,,
101-384219-5,CONTAINER ASSEMBLY,5,,
101-384223-5,CONTAINER ASSEMBLY(FIRST AID OXYGEN MASK,2,,
50-580026-9,CONTROL,1.5,,
30-326-7,CONTROL AMPLIFIER,4,,
2524.001.88-123,CONTROL ASSEMBLY,2,,
50-580026-1,CONTROL ASSEMBLY,2.5,,
2524.001.88-02E,CONTROL ASSY,4,,
101-524059-1,CONTROL HORN ASSEMBLY,3,,
101-380025-17,CONTROLLER,3,,
201-0750-2,CONTROLLER,2,,
300-0750-1,CONTROLLER,4.5,,
300-0750-2,CONTROLLER,4.5,,
101-384177-11,CONTROLLER ASSEMBLY,8,,
101-384177-9,CONTROLLER ASSEMBLY,5,,
130346-12,CONTROLLER-CABIN PRESSURIZATION 6.5PSI,2,,
101-380025-11,CONTROLLER-FLOW CONTROL,1,,
75001145,CONVERTER  VIDEO,2,,
50-380070-4,CONVERTER ASSY,2,,
AN809-1,CORE-HIGH PRESSURE VALVE,0.2,,
FL055001,CORROSION CONTROL INSPECTION,2,,
10450-11950,COUNTER POINTER ALTIMETER,3,,
101450-11953,COUNTER-POINTER ENCODE ALTIME,3,,
3114670-01,COVER,2,,
101-120091-29,COVER ASSEM BOOT INSTL,1,,
101-980045-15,COVER ASSEMBLY,1,,
101-980045-16,COVER ASSEMBLY,1,,
50-120101-10,COVER ASSEMBLY          UPPER AFT SPAR F,2,,
101-380023-1,COVER ASSEMBLY (SHEEPSKIN),1,,
50-120102-18,COVER ASSEMBLY -LOWER AFT SPAR FITTING,2,,
50-120101-9,COVER ASSEMBLY UPPER AFT SPAR F,2,,
50-120102-19,COVER ASSEM-LOWER AFT SPAR FITTING,2,,
50-120186-9,COVER ASSEM-LOWER FWD   SPAR FITTING,1,,
101-120076-13,COVER ASSEM-SKIN ASSEM  CENTER SECTION,2,,
101-120076-14,COVER ASSEM-SKIN ASSEM  CENTER SECTION,2,,
50-120101-1,COVER ASSEM-UPPER AFT  S/S TO -10,1,,
102-1542-01,COVER ASSY,0.5,,
101-980045-19,COVER ASSY - ACCESS  NACELLE,4,,
101-980045-20,COVER ASSY - ACCESS  NACELLE,4,,
000-170000-53,COVER LENS-WING TIP ASSEMBLY,1,,
101-531075-39,COVER PLATE ASSEMBLY,1,,
109-910023-1,COWL ASSEMBLY - UPR FWD,12,,
128-380067-1,CREW MASK,1.5,,
128-380067-29,CREW OXYGEN MASK,2,,
128-380067-11,CREW OXYGEN MASK ASSY,1.5,,
50-389095,CROSS FEED VALVE,4,,
130-380014-1,CUPHOLDER ASSY (COCKPIT),1,,
76504-F302,CURRENT SENSOR,4,,
DK100,CVR BECAN/BATTERY *RA,1,,
99-820100-5,CYL ASSEM NOSE LD GR,6,,
101-388014-19,CYLINDER ASSEMBLY  MLG RETRACT,4,,
101-388014-17,CYLINDER ASSY  MLG RETRACT,8,,
50-820004-3,DAMPENER ASSEMBLY,1,,
100-430060-23,DAMPENER ASSEMBLY - AIRSTAIR DOOR,2,,
100-430060-25,DAMPENER ASSEMBLY - AIRSTAIR DOOR,1,,
100-430060-27,DAMPENER ASSEMBLY - AIRSTAIR DOOR,1,,
822-1134-061,DCP-3000 DISPLAY CONTROL PANEL,0.01,,
101-000127-3,DECAL,0.5,,
91-364063-7,DECAL - MIC JACK,1,,
101-380001-10,DEICER BOOT,8,,
101-380001-2,DEICER BOOT,16,,
101-380001-29,DE-ICER BOOT,16,,
101-380001-31,DE-ICER BOOT,16,,
101-380001-32,DE-ICER BOOT,16,,
101-380001-28,DE-ICER BOOT - FAST BOOT,16,,
101-380001-11,DEICER BOOT VPN 25S-7D5041-09,8,,
3E2092-2,DE-ICER WIRE HARNESS,1,,
Part,Description,Flat Rate,Model Family,As of 2/11/2009 1:12:57 PM
3026609,DETECTOR,2,,
MB801-28,DIGITAL CLOCK CONTROL WHEEL,1,,
101-384199-1,DIGITAL O.A.T. INDICATOR,1,,
22M185,DIM POTENTIOMETER,1.5,,
101-380012-5,DIMMER CONTROL,1,,
6900094-000,DIMMER CONTROL,2,,
PW6900094,DIMMER CONTROL,2,,
622-6136-002,DIRECTIONAL GYRO,2,,
101-380053-1,DISCHARGER,0.5,,
101-380053-3,DISCHARGER,0.5,,
101-380053-7,DISCHARGER,1,,
DD1W,DISCHARGER (white),0.5,,
101-380053-11,DISCHARGER S/A DD1W,0.5,,
101-8001-239,DISK,3,,
133-1098,DISK BRAKE,2,,
101-8001-15,DISK133B420,3,,
311000,DISPENSER-SILVER DECANTER,0.4,,
100-384129,DME & TRANSPONDER ANTENNA,1,,
FL652009,DO NOT USE,,,
DP687,DOMED PLUG/BLACK,0.5,,
101-920061-25,DOOR - ANTI-SIPHON ASSEM FUEL FILLER,7,,
50-110023-66,DOOR - SKIN ASSEMBLY LOWER,13,,
99-120022-603,DOOR ASSEMBLY,4,,
50-820179-33,DOOR ASSEMBLY NOSE GEAR  LH (PRIMER),4,,
130-410021-601,DOOR ASSEMBLY NOSE WITH ICE PROTECT,4,,
130-410021-602,DOOR ASSEMBLY NOSE WITH ICE PROTECT,4,,
130-410021-605,DOOR ASSEMBLY NOSE WITH ICE PROTECT,4,,
130-410021-606,DOOR ASSEMBLY NOSE WITH ICE PROTECT,4,,
115-430100-647,DOOR ASSEMBLY-EMERGENCY EXIT,12,,
50-410015-613,DOOR ASSEMBLY-NOSE,2,,
50-534552-643,DOOR PANEL ASSEMBLY,2,,
50-534552-644,DOOR PANEL ASSEMBLY,3,,
99-120023-3,DOOR-CTR WING,1.5,,
101-980001-41,DOOR-NACELLE INSTALLATION AFT,3,,
101-440019-607,DORSAL FIN ASSEMBLY-WITH OUT ANTENNA,30,,
101-980044-5,DOUBLER ASSEM.,2,,
101-820035-3,DRAG LEG,4,,
710C4X,DRAIN VALVE,1,,
966B1,DRAIN VALVE,1,,
967C11,DRAIN VALVE,5,,
CCA-3400,DRAIN VALVE,3,,
ES43030-2,DRYER - RECEIVER BOTTLE,1.5,,
110-323,DUAL MODE ROD ANTENNA,1,,
109-910029-9,DUCT,20,,
SCDEETS4-96-5,DUCT,1,,
101-910161-1,DUCT ASSEMBLY,5,,
130-550011-13,DUCT ASSEMBLY,4,,
130-550011-15,DUCT ASSEMBLY,4,,
130-550011-5,DUCT ASSEMBLY,4,,
130-550012-3,DUCT ASSEMBLY,1,,
300-0674-1,DUCT ASSEMBLY,3,,
300-0676-1,DUCT ASSEMBLY,3,,
101-120156-603,DUCT ASSEMBLY HEAT EXCHANGER,6,,
101-910119-151,DUCT ASSEMBLY-COWL ASSEMBLY,50,,
101-910049-12 U,DUCT COWLING ASSEMBLY-LWR  (UNDRILLED),8,,
101-910156-23,DUCT TOP AIR,36,,
101-910157-5,DUCT-AIR SCOOP ASSEMBLY & AFT-LOWER COWL,5,,
130-320041-13,EDGE LITE PANEL ASSEMBLY- SWITCH PEDESTA,1,,
130-320037-1,EDGELIGHT PANEL ASSY - S/P LH OUTBOARD,1,,
101-320318-31,EDGELIGHT PANEL ASSY- S/P  LH INBOARD,2.5,,
101-364623-19,EDGELIGHT PANEL ASSY-VOLTMETER OVERHEAD,1,,
101-524698-27,EDGELIGHTED PANEL ASSEMBLY-PEDESTAL,2.5,,
101-384149-1,EJECTOR ASSEMBLY-VACUUM,1,,
101-384270-0005,EL PANEL - CIRCUIT BREAKER,2.5,,
130-384021-0003,EL PANEL - CIRCUIT BREAKER,1,,
130-384020-0001,EL PANEL ASSEMBLY-FUEL PANEL,1,,
90-910099-15,ELBOW ASSEMBLY,2.5,,
101-384159-7,ELECT TURBINE TACHOMETER INDICATOR,2,,
50-384180-1,ELECTRIC HEATER COIL,5,,
MS3349-2,ELECTRIC PLUG,1,,
130-384021-0005,ELECTROLUMINESCENT CIRCUIT BREAKER PANEL,1,,
130-384023-0001,ELECTROLUMINESCENT POWER SUPPLY,3,,
3029268,ELEMENT,0.5,,
D9-55-1,ELEMENT  03W041827,3,,
651540,ELEMENT ASSEMBLY,1,,
DMQ18-3,ELT ANTENNA,2,,
452-0130,ELT BATTERY PACK ASSEMBLY ALKALINE*RA-N,1,,
FLFR91.207,ELT INSPECTION,1,,
501-1228-04,EMERGENCY BATTERY(PS-835D)*RA-N,1,,
101-364798-629,EMERGENCY EXIT - SIGN ASSEMBLY,0.5,,
101-364798-639,EMERGENCY EXIT SIGN ASSEMBLY,1,,
24929-412,ENCODING ALTIMETER,3,,
44929-412,ENCODING ALTIMETER,2,,
50-534553-7,ESCUTCHEON - MAIN ACCESS DOOR  FOLDING S,0.5,,
101-384024-5,EVAP COIL,4,,
115-384002-9,EVAPORATOR COIL,8,,
115-384002-5,EVAPORATOR COIL ASSEM,4,,
10-381550-4,EXCITER*RA*,2,,
101-950017-1,EXHAUST PIPE,2,,
101-950017-3,EXHAUST PIPE,2,,
101-950017-33,EXHAUST PIPE,2,,
101-950017-35,EXHAUST PIPE,2,,
101-950017-73,EXHAUST PIPE ASSEM,2,,
101-950017-75,EXHAUST PIPE ASSEM,2,,
101-950017-77,EXHAUST PIPE ASSEMBLY-  ENGINE - LH,2,,
130-950001-29,EXHAUST PIPE ASSEMBLY - L/H,2,,
101-950017-79,EXHAUST PIPE ASSEMBLY - RH ENGINE,1.5,,
826-041,EXPANSION VALVE,0.01,,
826-042,EXPANSION VALVE,6,,
50-820130-8,EYE ASSEM-NOSE          GEAR STEERING,2,,
101-910209-11,FAIRING - EXHAUST STACK - LH,6,,
101-910209-12,FAIRING - EXHAUST STACK RH,6,,
85-3550-20,FAIRING (R.H.),4,,
101-910209-10,FAIRING ASSEM,8,,
101-420132-54,FAIRING ASSEMBLY - WING & FUSELAGE EXTEN,5,,
101-910209-9,FAIRING ASSEMBLY LEFT HAND,6,,
101-341779-33,FAN ASSEMBLY - BLOWER INSTALLATION,2,,
101-384212-1,FILL VALVE ASSY-OXYGEN,0.5,,
101-555084-3,FILTER,1,,
3028419,FILTER,2,,
3031781,FILTER,0.5,,
3034293,FILTER,1,,
9922-11,FILTER,1,,
101-524009-0161,FILTER - FLIGHT CONTROL INSTALLATION,1,,
100-920068-3,FILTER ASSEMBLY FUEL,1,,
3059788-01,FILTER ELEMENT,3,,
AN6235-3A,FILTER ELEMENT,1,,
50-380069-1,FILTER ELEMENT (B574749)OIL,3.5,,
939152,FILTER HYD PWR PAK,2.5,,
146898-1,FILTER PRESS CONTR,1,,
627495 FILTER,FILTER/SCREEN (DISK),1,,
3038142,FILTER-CPRSR ELEME,3,,
101-555171-1,FILTER-EVAPORATOR,1,,
114-570031-5,FIRE EXTINGUISER ASSEMBLY-CABIN DOOR*RA,1,,
30301102,FIRE EXTINGUISHER W/CARTRIDGE *RA*,2,,
10-Feb,FIRE EXTINGUISHER*RA,0.1,,
A352TS,FIRE EXTINGUISHER*RA,1,,
C352TS,FIRE EXTINGUISHER*RA,1,,
109-389002-7,FIRE WALL SHUTOFF VALVE*RA,2,,
3001-109,FIRE/OVHT DECTOR,8,,
70002-00,FIRST AID KIT 16 UNIT*RA,1,,
20619-1,FITTING,1,,
NAS516-1A,FITTING  LUBRICATION - 0.125 IN DRIVE,1.5,,
50-820240,FITTING-STOP NOSE GEAR,1,,
AP01-251411-1F,FIXED WINDOW,3.5,,
4WB130-0400-AP1,FIXED WINDOW*SSTX,2,,
FL052001PL,FL052001PL PHASE 1 OP INSP,2,,
FL052002PL,FL052002PL  PHASE 2 OP INSP,2.1,,
FL052003PL,FL052003PL  PHASE 3 OP INSP,2,,
FL052004PL,FL052004PL  PHASE 4 OP INSP,2.1,,
FL055020PL,FL055020PL  PL COMPLETE INSP,2.1,,
101-160001-675,FLAP ASSEMBLY - CENTER SECTION,2,,
130-160000-1,FLAP ASSEMBLY - L/H OUTBD,3,,
101-160001-31,FLAP ASSEMBLY INBOARD RH,0.01,,
101-160001-676,FLAP ASSY - CENTER SECTION (OPP -675),2,,
100-384040,FLAP MOTOR,3,,
55-0221-1,FLASH TUBE,1,,
D90028-1,FLASH TUBE ASSEM,1,,
02-0350262-00,FLASH TUBE ASSY  USED ON A500A,1,,
01-0268469-00,FLASHER,1,,
WCS376-1,FLASHER,1,,
202331,FLASHTUBE,2,,
31-3078-19,FLASHTUBE ASSY,4,,
50-384083-9,FLEX DRIVE ASSY,5,,
117-910070-35,FLEX HOSE ASSEMBLY,1,,
58-380043-1,FLIGHT HOUR METER,1,,
100-389016-1,FLOAT SWITCH,2,,
101-389034-7,FLOAT SWITCH,3,,
118-381002-1,FLOAT VALVE ASSEMBLY,2.5,,
130-430072-53,FLOORBOARD ASSEMBLY,2,,
130-430072-55,FLOORBOARD ASSEMBLY,2,,
130-430072-57,FLOORBOARD ASSEMBLY,2,,
130-430072-59,FLOORBOARD ASSEMBLY,2,,
130-420038-1,FLOORBOARD ASSEMBLY  FORWARD CABIN,1,,
101-380025-1,FLOW CONTROL VALVE,1,,
101-380025-21,FLOW CONTROL VALVE,2.5,,
97-380000-33,FLOW CONTROL VALVE,3,,
97-530105-65,FOOT ASSY - PARTITION PANEL ASSY,1,,
100-530448-7,FOOT-LEG ASSEM          LATERAL TRACKING,2,,
101-384176-3,FORWARD BLOWER ASSEMBLY,8,,
101-420089-11,FRAME,12,,
101-530351-45,FRAME ASSEMBLY,0.01,,
101-531327-634,FRAME ASSEMBLY - WINDOW INSTALLATION,7,,
101-531327-633,FRAME ASSEMBLY-WINDOW INSTL  LH COCKPIT,4,,
101-420089-30,FRAME- FS 100.50,12,,
101-110084-601,FRONT SPAR ASSEMBLY,0.01,,
101-110084-602,FRONT SPAR ASSEMBLY,0.01,,
1D2-12,FUEL BOOST PUMP *RA,4,,
100-381005-15,FUEL CAP,1,,
100-381005-3,FUEL CAP,1,,
100-381005-11,FUEL CAP (1900),1,,
100-381004-3,FUEL CAP ADAPTER ASSEMBLY,6,,
100-381005-1,FUEL CAP ASSEM,0.5,,
100-381005-5,FUEL CAP ASSY,1,,
100-381001-10,FUEL CELL,20,,
100-381001-7,FUEL CELL,10,,
100-381001-9,FUEL CELL,10,,
101-381001-7,FUEL CELL,8,,
101-381002-12,FUEL CELL,10,,
101-920090-1,FUEL CELL,12,,
101-920090-2,FUEL CELL,12,,
50-389034-17,FUEL CELL,6,,
50-389034-18,FUEL CELL,10,,
99-380000-23,FUEL CELL,10,,
002-920013-1,FUEL CELL ASSY - WING L E  OUTBD,10,,
002-920013-2,FUEL CELL ASSY (OPP -1)  WING LE OUTBD,10,,
3033895,FUEL CONTROL,7,,
3039342,FUEL CONTROL,7,,
3034476,FUEL CONTROLLER,7,,
3120644-01,FUEL CONTROLLER,3,,
8061-333,FUEL CONTROLLER,4,,
100-0140-01,FUEL DRAIN VALVE,2,,
79C30,FUEL DRAIN VALVE,2,,
217384-1,FUEL FILTER ASSEMBLY,1,,
109-389000-1,FUEL FILTER BOWL ASSEMBLY,2,,
3036641,FUEL FLOW DIVIDER & DUMP VALVE ASSY,3,,
101-389042-5,FUEL FLOW TRANSMITTER,1.5,,
114-389040-21,FUEL LEVEL SENSOR,1.5,,
114-389040-5,FUEL LEVEL SENSOR,2,,
100-389018-23,FUEL PRESSURE SWITCH,2,,
3034083,FUEL PUMP,4,,
3040760,FUEL PUMP,4,,
50-380177-5,FUEL PUMP  *RA,4,,
50-380177-7,FUEL PUMP *RA,4,,
91-380003-3,FUEL PUMP*RA,2,,
91-380003-5,FUEL PUMP*RA,2,,
100-380006-179,FUEL QTY PROBE,5,,
100-380006-181,FUEL QTY PROBE,5,,
100-380006-171,FUEL QTY PROBE (NACELLE),5,,
117-384019-3,FUEL QUANTITY INDICATOR,8,,
100-380006-169,FUEL QUANTITY PROBE,5,,
100-380006-173,FUEL QUANTITY PROBE,5,,
100-380006-175,FUEL QUANTITY PROBE,5,,
100-380006-177,FUEL QUANTITY PROBE,5,,
100-380006-197,FUEL QUANTITY PROBE,5,,
109-389002-9,FUEL SHUTOFF VALVE*RA,3,,
100-380006-149,FUEL TRANSM PROBE,5,,
3032791,FUEL TUBE ASSY,1,,
273001,FUSE  SUBMINI  VERY FAST ACTING,1,,
MS24001-2,FUSE HOLDER,1,,
101-384150-7,GAGE FUEL,2,,
3010818,GASKET,1,,
50-921587-7,GASKET,1,,
MCOF69030-49,GASKET,5,,
50-921587-5,GASKET  FUEL CELL  CENTER SECTION,1,,
MS9371-16,GASKET  METAL O-RING,2,,
38-0250154-00,GASKET BEACON,1,,
50-921582-1,GASKET FUEL CELL,3.5,,
50-921587-3,GASKET-FUEL CELL-CENTER SECTION,1,,
51538-001A,GENERATOR CONTROL UNIT,3,,
000-170000-23,GLARE SHIELD - WING TIP ASSY - EXTENDED,1.5,,
000-170000-24,GLARESHIELD,1,,
8210-212,GOVERNER,3,,
3036817,GOVERNOR,4,,
8210-310,GOVERNOR,3,,
B210631,GOVERNOR,1.5,,
CI 401-220,GPS ANTENNA,6,,
CI 401-420,GPS/SATELLITE/WEATHER DATA COMBO ANTENNA,6,,
1202-006,GRAPHIC ORDINANCE SIGN ASSEMBLY,1,,
4460102-5,greasekrytox240AC MIL-PRF-27617 1/2oz*RA,2.5,,
112412,GROMMET HALF- SELF-ALIGNING FIREPROOF,1,,
100-524119-31,GUARD PIN-CONTROL COLUMNASSEM,25,,
303-248,GUIDE,3,,
130-910037-1,GUIDE - EYEBOLT,1,,
1U149-001-6,GYRO HORIZON,2.5,,
1U367-232-2,GYRO HORIZON,2.1,,
101-380036-1,GYRO HORIZON INDICATOR,2,,
101-550323-3,HALVES ASSEMBLY - PLENUM ASSEM,12,,
101-388007-3,HAND PUMP,4,,
DY1440-7,HANDLE,2,,
101-384096-1,HANDLE ASSEM (inner),1,,
101-384146-1,HANDLE ASSEMBLY,1,,
101-400016-1,HANDLE ASSEMBLY - FUSELAGE LOCK SET,1,,
115-430114,HANDLE ASSEM-EXTERIOR   EMERGENCY EXIT D,8,,
3031704,HARNESS,8,,
FDC8300-24L-389,HARNESS ASSEM LH (FAWN),1,,
FDC8300-24R-389,HARNESS ASSEM RH (FAWN),1,,
100-380006-127,HARNESS ASSEMBLY FUEL GAGING SYSTEM,5,,
267900-002,HEADSET,1,,
308100-0020,HEADSET - BOSE  MODEL AHX-32-01,0.5,,
112633-1,HEATED VENT,1,,
116445,HEATED VENT,2.5,,
50-384180,HEATER ELEMENT ASSEMBLY,5,,
LS4,HEIM BEARING,1,,
FL055000,HIGH CORROSION/HIGH HUMIDITY INSPECTION,0.01,,
101-920061-3,HINGE ASSEM,4,,
101-620011-1,HINGE ASSEM - HORIZ SS98.197,2,,
101-420122-36 ARCT,HINGE ASSEMBLY - ARCTIC BEIGE,1,,
260-1022-1,HOLDER,1,,
MCOC28926-19,HOLDER ASSEMBLY  WITHOUT BULB,1,,
MCOC28926-619,HOLDER ASSEMBLY  WITHOUT BULB,3,,
1U367-207-8,HORIZON GYRO INDICATOR,1,,
101-384169-1,HORN & VALVE - RELIEF,0.5,,
101-531357-1,HORN & VALVE-RELIEF TUBEINSTAL,1,,
101-380015-21,HOSE ASSEM,1,,
101-389001-5,HOSE ASSEM,1,,
300-0855-1,HOSE ASSEMBLY,8,,
330995-4-0172,HOSE ASSEMBLY,1,,
330995-6-0114,HOSE ASSEMBLY,1,,
330995-6-0172,HOSE ASSEMBLY,1,,
330995F12-0400,HOSE ASSEMBLY,1,,
330996F12-0170,HOSE ASSEMBLY,1,,
330996F12-0330,HOSE ASSEMBLY,2,,
330996F8-0130,HOSE ASSEMBLY,0.8,,
330997F10-0230,HOSE ASSEMBLY,1,,
330997F10-0270,HOSE ASSEMBLY,1,,
330997F4-0223,HOSE ASSEMBLY,0.8,,
330997F4-0331,HOSE ASSEMBLY,0.8,,
330997F4-0380,HOSE ASSEMBLY,1,,
MS28741-4-0185,HOSE ASSEMBLY,1,,
117-910056-23,HOSE ASSEMBLY - DISCHARGE,1,,
330995F10-0250,HOSE ASSEMBLY - FUEL SYSTEM,1,,
MS28741-4-0260,HOSE ASSEMBLY  POWER PLANT,1,,
117-910056-25,HOSE ASSEMBLY - SUCTION,1,,
130-555013-7,HOSE ASSEMBLY - SUCTION,1,,
101-380015-9,HOSE ASSEMBLY BRAKE DEICE,1,,
MS28741-4-0210,HOSE ASSEMBLY-BRAKE H,1,,
330995F10-0204,HOSE ASSEMBLY-FUEL SYSTEM,1,,
330997F10-0210,HOSE ASSEMBLY-FUEL SYSTEM,1,,
330997F4-0246,HOSE ASSEMBLY-STRAIGHT&90 DEGREE,1,,
MS28741-4-0212,HOSE ASSEM-PILOT BRAKES,1,,
MS28741-4-0170,HOSE ASSEM-PIPING INSTALFUEL ENG SECT,1,,
101-380050-3,HOSE ASSY,1,,
101-388015-19,HOSE ASSY,4,,
36001-4-0080,HOSE ASSY,4,,
200-1016-1,HOT TANK,1,,
200-1016-13,HOT TANK ASSEMBLY,1,,
200-1016-19,HOT TANK ASSEMBLY,1,,
101-384092-1,HOUR CLOCK,1,,
3028392,HOUSEING,5,,
50-524161-611,HOUSING ASSEMBLY,10,,
101-8001-53,HUB CAP,1,,
101-388016-11,HYDRAULIC HOSE,4,,
101-388005-9,HYDRAULIC POWER PA,10,,
UL32-040-SP1,HYDRO LOCK,2.5,,
SL2300-21,HYDRO LOCK  **RA**,2,,
SL02300-50,HYDROLOCK,3,,
260-1014-35,ICE CHEST,0.5,,
260-1015-3,ICE CHEST,1,,
260-1020-3,ICE CHEST ASSY,0.5,,
50-820113-7,IDLER ASSY - NOSE       STEERING LINK,0.1,,
3032096,IGNITER,1,,
3032168,IGNITION EXCITER,2,,
3035889,IGNITION EXCITER,2,,
3037946,IGNITION EXCITER,1,,
CH34055,IGNITION PLUG,1,,
110ACL1Z400,IMPACT SWITCH,1.5,,
28DCL1Z250,IMPACT SWITCH,3,,
28DCL1Z400,IMPACT SWITCH,2,,
AP01-251411-3R,INBOARD PANE ROTATING,3.5,,
100-384093-3,INDICATOR,1,,
101-380068-3,INDICATOR,1.5,,
101720-11564,INDICATOR  ALTIMETER,2,,
90-380036-7,INDICATOR - ENGINE OIL TEMP & PRESSURE,1.5,,
101-384151-5,INDICATOR - FUEL,10,,
101-384153-1,INDICATOR - FUEL FLOW,1.5,,
101-384154-3,INDICATOR - INTERSTAGE TURBINE,1,,
101-384154-7,INDICATOR - INTERSTAGE TURBINE,1.5,,
130-380041-9,INDICATOR  ITT,1,,
90-380036-5,INDICATOR - OIL TEMP & PRESS,1.5,,
101-384155-7,INDICATOR - OIL TEMP AND PRESSURE,1,,
101-384156-1,INDICATOR - PROP SYNC,1,,
101-380026-11,INDICATOR CABIN ALT & DIFF PRESSURE,1.5,,
101-380026-15,INDICATOR CABIN ALT & DIFF PRESSURE,3,,
130-380010-1,INDICATOR FUEL FLOW,1,,
101-380080-3,INDICATOR-GYRO HORIZON  AIR,2,,
130-380041-3,INDICATOR-ITT,1,,
130-380045-3,INDICATOR-OIL TEMP & PRESS,1,,
130-380045-9,INDICATOR-OIL TEMP & PRESS,1,,
130-380043-5,INDICATOR-PROP RPM (POST FL232),1,,
130-380043-3,INDICATOR-PROP RPM(FL120 122-231),1,,
90-380033-7,INDICATOR-TEMP TURBINE INTERIOR,2,,
130-380042-3,INDICATOR-TORQUE,1,,
130-380044-13,INDICATOR-TURBINE RPM,1,,
130-380044-3,INDICATOR-TURBINE RPM,1,,
58-380071-1,INERTIA REEL,1.5,,
101-120168-1,INLET DUCT- FIBERGLASS,5,,
1203016-1,INNER ARMREST STRUCTURE  LH,3,,
1013-42-011,INTEGRATED NAV SYSTEM,2,,
FL055021,INTERIM INSPECTION,8,,
101-590094-603,INTERIOR PAINT*RA,0.01,,
PC17A,INVERTER,2,,
PC17,INVERTER 600VA,2,,
SPC30A,INVERTER W/RC-15 RAIN COVER,1,,
114-389031-17,ISOLATOR ASSY,3,,
101-380034-1,IVSI INDICATOR,3,,
FL052101,K A 350 LH ENGINE HOT SECTION INSPECTION,40,,
FL052156,KA 350  ALTITUDE WARNING SYSTM CHECK,3,,
FL052102,KA 350 LH STARTER GEN. QAD FLANGE INSPEC,1,,
FL052164,KA350  COCKPIT VOICE REC ULB FUNC TEST,2,,
FL052010,KA350  LH 400HR FUEL NOZZLE FLOW CHECK,10,,
FL052011,KA350  RH 400HR FUEL NOZZLE FLOW CHECK,10,,
FL052151,KA350 AFT FSLAGE AREA&REAR PRESS BLKHD I,8,,
FL052124,KA350 AIRCOND.COMPRESS DRIVEBELT TENSION,1,,
FL052144,KA350 AIRSTAIR DR CARGO DR&ESC HATCH INS,4,,
FL052125,KA350 CABIN DOOR&FUSELAGE FRAME INSPEC.,24,,
FL052135,KA350 CABIN FIRE EXTINGUISHER INSPECTION,1,,
FL052138,KA350 CARGO DOOR LWR ATTACH LUG INSPECTI,2,,
FL052132,KA350 COMMUN.&NAVIGAT. CALIBRATION&INSPE,2,,
FL052123,KA350 EDGE-LIGHTED PANEL ASSEM INSPECTIO,8,,
FL052137,KA350 ENG. FIRE EXTING.HYDROSTATIC TEST,8,,
FL052146,KA350 EXTERIOR SKIN INSPECTION,6,,
FL052142,KA350 FIRE EXT SQUIB CART. REPLACEMENT,4,,
FL052150,KA350 FLIGHT CNTRL PULLYS & BKTS INSPEC.,40,,
FL052145,KA350 FORWARD PRESS BULKHEAD INSPECTION,8,,
FL052148,KA350 FRAME WEBS FS179-FS271 INSPECTION,40,,
FL052147,KA350 FUSELAGE FRAMES FS143-FS382 INSPEC,60,,
FL052153,KA350 LD ACID BATTRY EMER CAPACITY TEST,2,,
FL052154,KA350 LEAD ACID BATTERY CHARGE,2,,
FL052140,KA350 LG HYDR RESERV FILL SCR INSPEC.,1,,
FL052141,KA350 LG SYS. HYDRAULIC FILTER REPLACEME,1,,
FL052109,KA350 LH FLAP FLEXIBLE SHAFT INSPECTION,6,,
FL052106,KA350 LH MAIN GEAR AXLE&TORQUE KNEES INS,5,,
FL052105,KA350 LH MAIN GEAR DRAG BRACE ASS INSPEC,10,,
FL052104,KA350 LH MAIN GEAR SHOCK ASSEM INSPECTIO,30,,
FL052108,KA350 LH MAIN LANDING GEAR WHEEL INSPEC,4,,
FL052103,KA350 LH NACELLE FUEL CELL & PROBE INSPE,2,,
FL052103-WL,KA350 LH NACELLE FUEL CELL&PROBE INSPECT,5,,
FL052110,KA350 LHWING PANEL UPPR/LWR SPAR CAP INS,2,,
FL052129,KA350 NOSE GEAR ACTUATOR CLEVIS HOLE INS,1,,
FL052128,KA350 NOSE GEAR AXLE ASS&TORQUE LINKS IN,5,,
FL052127,KA350 NOSE GEAR DRAG BRACE ASSEM INSPEC.,10,,
FL052126,KA350 NOSE GEAR SHOCK ABSORBER ASSEM INS,30,,
FL052130,KA350 NOSE LANDING GEAR WHEEL INSPECTION,3,,
FL052136,KA350 OXY.CYLIN DOT 3HT 1850 HYDROST TES,4,,
FL052133,KA350 PEDESTAL POWER LEVEL STOP PIN INSP,2,,
FL052134,KA350 PILOT'S COMPARTMENT FIRE EXT.INSPE,1,,
FL052111,KA350 RH ENGINE HOT SECTION INSPECTION,40,,
FL052119,KA350 RH FLAP FLEXIBLE SHAFT INSPECTION,6,,
FL052116,KA350 RH MAIN GEAR AXLE&TORQUE KNEES INS,5,,
FL052115,KA350 RH MAIN GEAR DRAG BRACE ASSEM INSP,10,,
FL052114,KA350 RH MAIN GEAR SHOCK ASSEM INSPECTIO,30,,
FL052118,KA350 RH MAIN LANDING GEAR WHEEL INSPEC,4,,
FL052113,KA350 RH NACELLE FUEL CELL&PROBE INSPEC,2,,
FL052113-WL,KA350 RH NACELLE FUEL CELL&PROBE INSPECT,5,,
FL052112,KA350 RH STARTER GEN QAD FLANGE INSPECTI,1,,
FL052120,KA350 RH WING PANEL UPPR/LWR SPARCAP INS,2,,
FL052117,KA350 RHMAIN GEAR ACTUATOR CLEVIS HOLE I,1,,
FL052155,KA350 STANDBY PWR SUPPLY BATTRY LOAD TES,2,,
FL052149,KA350 STRGRS FS88-FS125&INST PL SUP BK I,20,,
FL052122,KA350 UPPR&LWR WINDSHIELD CORNER CLIP IN,6,,
FL052143,KA350 WINDSHIELD SCREW TORQUE CHECK,2,,
FL052139,KA350 WING ATTACHMENT BOLT INSPECTION,32,,
FL052152,KA350 WNG CNTR SEC UPR SURF BOND PL INSP,2,,
FL052107,KA350LH MAIN GEAR ACTUATOR CLEVIS HOLEIN,1,,
FL052009,KING AIR  WING BOLT LUBE - 12 MTH REQ.,2,,
FL052157,KING AIR 350  BARO PRESSURE SWITCH CHECK,1,,
FL055020,KING AIR 350  COMPLETE INSPECTION,118,,
FL052001,KING AIR 350  PHASE 1 INSPECTION,66,,
FL052012,KING AIR 350  PHASE 1+ 2 INSPEC COMBINED,90,,
FL052002,KING AIR 350  PHASE 2 INSPECTION,66,,
FL052003,KING AIR 350  PHASE 3 INSPECTION,66,,
FL052034,KING AIR 350  PHASE 3+4 INSPEC. COMBINED,90,,
FL052004,KING AIR 350  PHASE 4 INSPECTION,66,,
FL052008,KING AIR 350 1200 HOUR LUBRICATION,16,,
FL052005,KING AIR 350 200 HOUR LUBRICATIN,4,,
FL052006,KING AIR 350 400 HOUR LUBRICATION,3,,
FL052007,KING AIR 350 800 HOUR LUBRICATION,2,,
FL052121,KING AIR 350 FUSELAGE STRINGER INSPECTIO,2,,
130-1010-902,KING AIR TABLE KIT,0.01,,
PT6A-100HRBEECH KT,KIT - 100HR INSP PTS BEECH KIT,20,,
117-9000-5,KIT - AIR COND COMPRESSOR INSTALLATION,8,,
130-9702-0001,KIT - AIRCONDITIONER COMPRESSOR KIT,4,,
101-8027-5 P,KIT - ALUM NOSE WHEEL INSTL,2,,
130-3015-3,KIT - AMBIENT LIGHT SENSOR,1,,
130-9701-0001,KIT - B300/B300C - DEICE TUBING,1,,
130-3016-1,KIT - CIRCUT BREAKER RELOCATION,2,,
101-5137-1 S,KIT - CLOCK INSTL CONTROL WHEEL,1,,
101-9078-1,KIT - COMPRESSOR AIR CONDITIONING,1,,
101-5156-1 S,KIT - CONTROL WHEEL REPL & BLD UP,3.5,,
130-9005-5,KIT - FUEL CELL COVER & GASKET INSTL,20,,
101-3111-1 S,KIT - FUEL QTY INDICATOR INSTL,6,,
101-5051-1 S,KIT - FUEL QUANTITY PROBE INSTALLATION,2.5,,
101-3292-0001,KIT - HOURMETER FLIGHT - SPARES,1,,
101-3106-1 S,KIT - HYDRAULIC LANDING GEAR MOTOR RELAY,7,,
100-5015-1 S,KIT - INFO POLARIZED WINDOW INSTALLATION,3,,
101-8030-1 S,KIT - NOSE L/G INSTALL,4,,
130-8001-0003,KIT - PISTON MAIN LANDING GEAR,6,,
101-4050-3,KIT - SPAR BUSHING INSTL,0.01,,
130-3022-0001,KIT - STALL WARNING MOD MODEL B300,4,,
1292ASSYD,KIT CHAIR ADJ,2.5,,
130-3413-0001,KIT-AUDIO SWITCH PANEL REPLACEMENT,3,,
130-3025-0001,KIT-COLD CATHODE LIGHTING PANL-INFO ONLY,2,,
101-6003-0007,KIT-EMPENNAGE INSPECTION PANELS,40,,
130-9700-1,KIT-FILTER PNEUMATIC AIR WIDOW DEFROST,2,,
130-5501-0001,KIT-SYSTEM REACTIVATION ELECTRIC HEAT,32,,
36-810016-1,KNEE ASSEMBLY - M G,0.5,,
50-524506,KNOB-GOVERNOR CONTROL,0.5,,
50-524504,KNOB-IDLE CONTROL,1,,
130-910035-607,L/H DOOR ASSEMBLY       R/H COWLING,3,,
1683,LAMP,0.5,,
34-0428070-64,LAMP,1.5,,
4587,LAMP,0.75,,
4596,LAMP,0.5,,
A508,LAMP,0.3,,
1864,LAMP  T-3-1/4,0.3,,
1495,LAMP BULB,0.5,,
101-810158-601,LANDING ASSEMBLY-HI FLOTATION,4,,
452-16-12,LANYARD 12 L 99321,0.5,,
452-16-6,LANYARD FU-CAP6 LG,1,,
A23062-3,LATCH,2,,
50-554275-607,LATCH ASSEMBLY - EVAPORATOR DOOR,2,,
130-910035-609,LATCH ASSY,3,,
94GB34A60,LATCHING RELAY 6V,2,,
28004-01-02,LCD ENCODING ALTIMETER,2,,
G-6381ES,LEAD ACID BATTERY*RA,1,,
132-380040-3,LEAD/ACID BATTERY**RA-N,2,,
101-120123-45,LEADING EDGE ASSEMBLY LH,20,,
101-120123-49,LEADING EDGE ASSEMBLY LH BONDED,20,,
101-120123-7047,LEADING EDGE ASSEMBLY RH - UNDRILLED,32,,
101-120123-41,LEADING EDGE ASSY      LH CS WING,20,,
101-120123-45 U,LEADING EDGE ASSY (UNDRILLED),20,,
070-225,LEATHER  HIDE - COLDSTREAM,0.01,,
070-265,LEATHER - PECAN,0.01,,
070-270,LEATHER - PEWTER,1,,
101-525278-601,LEATHER COVERED CONTROL WHEEL,2,,
101-384084-1101,LEGEND ASSEMBLY,1,,
130-170032-45,LENS - WINGLET ASSEMBLY,1,,
130-170032-46,LENS - WINGLET ASSEMBLY,1,,
130-170032-103,LENS ASSEMBLY - WINGLET,4,,
130-170032-104,LENS ASSEMBLY - WINGLET,4,,
130-170032-54,LENS ASSEMBLY - WINGLET,6,,
130-170032-53,LENS ASSEMBLY - WINGLET ASSEMBLY,1,,
130-170032-103 U,LENS ASSEMBLY-WINGLET ASSEMBLY,4,,
130-170032-104 U,LENS ASSEMBLY-WINGLET ASSEMBLY,4,,
68-4250258-38,LENS CLR VPN 90033,1,,
101-440039-11,LENS-TAIL CONE INSTL,2,,
114-170021-1,LENS-WING TIP,3,,
114-170021-2,LENS-WING TIP,3,,
101-910114-91,LEVER ASSEMBLY,1,,
101-524181-9,LEVER ASSEMBLY THROTTLE,4,,
3023592,LEVER PROP REV,1.3,,
20H98001,LFCU COMPUTER,3,,
20H98001A,LFCU COMPUTER,3,,
8-822-01-001,LFCU COMPUTER,2,,
8-831-01-001,LFCU COMPUTER,2,,
20H98001A(ALT),LFCU COMPUTER (DO NOT USE THIS RECORD!!),3,,
101-380005-39,LIFT COMPUTER,2,,
3601-52,LIFT COMPUTER,3.5,,
101-380005-35,LIFT COMPUTER - (VPN  3601-52),2,,
101-380005-9,LIFT TRANSDUCER,3,,
3701-14,LIFT TRANSDUCER,2,,
3701-2,LIFT TRANSDUCER,2,,
101-380005-33,LIFT TRANSDUCER (3701-14),10,,
5100CW28B,LIGHT,2,,
A-1815A-R-7512,LIGHT  NAV A/C - POSITION RED,1,,
100-384118-12,LIGHT  ST NV RECG,2,,
130-381000-2,LIGHT ASSEM,2,,
101-364586-21,LIGHT ASSEM             WARNING,2,,
2565-1,LIGHT ASSEM (READING),1,,
130-381000-1,LIGHT ASSEMBLY,2,,
30-1617-3,LIGHT ASSEMBLY,4,,
30-1617-4,LIGHT ASSEMBLY,4,,
130-364131-601,LIGHT ASSEMBLY - ANNUNCIATOR,2,,
101-364798-51,LIGHT ASSEMBLY - EXIT SIGN ASSY  EMERGEN,1,,
101-361159-5,LIGHT ASSEM-STROBE/NAV UPPER EMPENNAGE,3,,
100-384118-24,LIGHT ASSY,2,,
90033-6,LIGHT ASSY,1.5,,
101-360020-15,LIGHT ASSY LOWER        ROTATING BEACON,1.5,,
A775EXP28-35,LIGHT ASSY28VT35WT,1,,
130-364131-611,LIGHT ASSY-ANNUNCIATOR  CAUTION AND ADVI,2,,
1818,LIGHT BULB,0.5,,
303X,LIGHT BULB,0.5,,
7300017-000,LIGHT BULB,1,,
A708-28,LIGHT BULB HALOGEN,1,,
90-364125-3,LIGHT PANEL ASSEMBLY-CB RH SIDE WALL,2.5,,
122-382033-1,LIGHT SWITCH ASSY,1,,
90-380022-5,LIGHT TAIL,1.5,,
130-381001-1,LIGHT VPN 70429-00,2,,
1202-006-002,LIGHT WEDGE ASSY,1,,
101-530398-1,LINER - TOILET INSTL -  AFT COMPT,1,,
101-820064-1,LINK ASSEM,1,,
50-820241-5,LINK ASSEM,1,,
50-820034-19,LINK ASSEMBLY,2,,
50-820102-16,LINK ASSEMBLY,4,,
101-820014-1,LINK ASSEM-NOSE GR      STEERING IDLER,4,,
101-521030-1,LINK-FLAP SAFETY SWITCH,1.5,,
3059046-01,LIP SEAL,2,,
99-388007-3,LIQUID LEVEL SENSOR,3,,
100-384118-14,LIT ASY ST NV&RECG,2,,
1202-300,LITE TRAY N/S SIGN,1,,
109-384001-1,LOAD INDICATOR,1,,
LD3410G163-09410,LOCKSET,1.5,,
101-384258-43,LOCKSET HANDLE ASSEMBLY,1.5,,
622-2363-001,LOOP  SENSE ANTENNA (ANT60A),1,,
20E11101,LOUDSPEAKER,2,,
4460102-3,LUBR 1/2 OZ*RA-N,2,,
1728B,LUBRICATION FITTING - HYDRAULIC,0.5,,
C4135L,LUMBAR SUPPORT CUSHION,1,,
C4135R,LUMBAR SUPPORT CUSHION,1,,
101-530531-25,MAGNET,0.5,,
213181,MAGNETIC PICKUP,4,,
501-1826-01,MAGNETOMETER (MAG-3000A),4,,
19004-10-01,MAGNETOMETER (ST19004-10-01),2.5,,
101-388014-1,MAIN GEAR ACTUATOR,10,,
50-810334,MAIN LDG GR ROLLER,0.5,,
101-550276-13,MANIFOLD,3,,
130-550073-1,MANIFOLD ASSEMBLY,4,,
101-384223-1,MASK & CONTAINER,5,,
174080-26,MASK ASSEMBLY,2,,
90-380001-29,MASTER CYLINDER,1.5,,
90-380001-33,MASTER CYLINDER,1.5,,
90-380028-7,MAX ALLOWABLE AIRSPEED INDICATOR,2,,
1131325,METERIC COMPRESSOR,4,,
20E15101,MICROPHONE,2,,
903-1341,MICROPHONE,2,,
130-364090-5,MODDULE ASSEMBLY-AIR COND. CONT.,1,,
3E2090-1,MODULAR BRUSH ASSY,2,,
LMD6008P,MODULE,2,,
130-364048-9,MODULE ASSEM            ANNUNCIATOR CONT,2,,
101-364948-1,MODULE ASSEM            BATTERY MONITOR ,1,,
58-340235-13,MODULE ASSEM - NOISE    FILTER,2,,
101-364572-21,MODULE ASSEM ICE V      SENSE & NI SPEED,1,,
130-364090-1,MODULE ASSEM N1         SPEED & ICE VANE,1,,
101-364712-1,MODULE ASSEM N1 SP      & ICE VANE,1,,
101-364578-1,MODULE ASSEM-ANNUN      CONTROL,2,,
101-364572-25,MODULE ASSEMBLY,1,,
130-364054-5,MODULE ASSEMBLY         A/C POWER MONITO,1,,
130-364048-13,MODULE ASSEMBLY         ANNUNCIATOR CONT,1,,
130-364078-1,MODULE ASSEMBLY         EXTERNAL PWR,1,,
101-364582-25,MODULE ASSEMBLY -  ADVISORY LIGHT TEST,1,,
130-364125-7,MODULE ASSEMBLY - AMBIENT AIR &,1,,
130-364076-1,MODULE ASSEMBLY - ANNUNCIATOR,1,,
130-364076-5,MODULE ASSEMBLY - ANNUNCIATOR,2,,
101-364578-11,MODULE ASSEMBLY - ANNUNCIATOR CONT,1,,
130-364125-9,MODULE ASSEMBLY AMBIENT AIR &,1,,
101-364582-15,MODULE ASSEMBLY-ADVISORY-L.T.,1,,
101-364668-1,MODULE ASSEMBLY-FUEL TRANSFER,1,,
101-364668-5,MODULE ASSEMBLY-FUEL TRANSFER,1,,
(D)130-364090-1,MODULE ASSY,1,,
101-364584-1,MODULE ASSY,0.5,,
130-364048-17,MODULE ASSY - ANNUNCIATOR,2,,
130-364078-11,MODULE ASSY - EXTERNAL POWER MONITOR,1,,
130-364054-1,MODULE ASSY AC POWER MONITOR,2,,
101-364580-1,MODULE ASSY-ANNUNCIATOR FAULT DETECTION,1,,
101-364580-11,MODULE ASSY-ANNUNCIATOR FAULT DETECTION,3,,
101-364387-7,MOISTURE SHIELD FUEL CONTROL PANEL,1,,
101-384175-1,MONITOR AC POWER,1,,
ES61136-2,MOTOR,2,,
MB74B-1,MOTOR,2,,
58-380090-0007,MOTOR - LANDING GEAR RETRACT,1.5,,
17200-382,MOTOR  PUMP,1,,
100-524073-1,MOTOR AND GEARBOX ASSY-FLAP DRIVE,4,,
101-384165-1,MOTOR ASSY-WINDSHIELD WIPER,8,,
571302,MOTOR HYD PWR PACK,3,,
5725 KIT,MTR & PUMP ASY L/S,1,,
622-7876-011,MULTIFUNCTION DISPLAY,1,,
FL052158,N/A,0.01,,
FL052159,N/A,0.01,,
229-0324-010 NAC80,NAC-80 ACCEL,1,,
130-361037-615,NAV LIGHTS  W/STROBE,2,,
101-410095-29,NOSE CONE ASSEMBLY,8,,
112-380022-17,NOSE GEAR ACTUATOR,6,,
50-820023-8,NOSE GEAR SPACER,8,,
101-820020-15,NOSE LANDING GEAR,5,,
101-820020-615,NOSE LANDING GEAR  WITH WHEEL AND TIRE,8,,
27700-5,NOZZLE,2,,
3033491,NOZZLE ASSEMBLY,5,,
101450-11952,NTER POINTER ENCODING ALTIM,4,,
130909N46,NUT  MAGNETIC INSPECTED,0.01,,
102A10001-16,O RING,0.5,,
681201-1,OAT PROBE ASSEMBLY,1,,
101-384199-3,OAT PROCESSOR,2.5,,
101-389028-1,OIL COOLER,2,,
101-389028-3,OIL COOLER,6,,
3033315,OIL FILTER,0.5,,
3059258-01,OIL FILTER ELEMENT,0.5,,
101-389023-5,OIL PRESSURE TRANSDUCER,1,,
101-389023-7,OIL PRESSURE TRANSDUCER,1,,
102-380014-3,OIL TEMP & PRESS INDICATOR,1,,
MS29512-10,O-RING  PREFORMED,3,,
103648-13,OUTFLOW VALVE,2,,
103648-15,OUTFLOW VALVE,2,,
103648-5,OUTFLOW/SAFETY VALVE,2,,
103648-7,OUTFLOW/SAFETY VALVE-CABIN PRESSURIZATIO,2,,
122-384003-1,OUTSIDE AIR TEMP SENSOR,10,,
101-384207-5,OXY CYL ASSY  W REGULATOR 77.9 CU FT*RA,3,,
101-384200-5,OXYGEN CYLINDER ASSY 77 CU FT *RA,3.5,,
99-384042-1,OXYGEN GAUGE,2,,
101-384220-3,OXYGEN MASK ASSY,1,,
172400-14,OXYGEN REGULATOR,3.5,,
101-384037-1,OXYGEN VALVE-OF/ON,2,,
130-340097-1,P C BOARD ASSEMBLY AUDIO,1,,
112-364021-1,P C BOARD ASSEMBLY LOGIC RELAY (Spare),1,,
AS3208-05,PACKING,0.01,,
M83248-1-144,PACKING,1,,
M83248/1-122,PACKING,1,,
M83248/1-135,PACKING,1,,
M83248/1-144,PACKING,1,,
MS9386-014,PACKING,0.01,,
AS3209-113,PACKING  PREFORMED,0.01,,
68-448,PACKING - PREFORMED,2,,
NAS1523-3R,PACKING WITH RETAINER,2.5,,
MS9385-09,PACKING-PREFORMED,0.01,,
MS9386-015,PACKING-PREFORMED,0.01,,
MS9386-126,PACKING-PREFORMED,0.01,,
101-530651-7,PAD,1,,
114-389031-7,PAD ASSY,1,,
50-430040-55,PAD-STEP,2,,
50-430040-25,PAD-STEP DOOR ASSEMBLY-MAIN ACCESS,2,,
MODEL 240,PAGING/STEREO AMPLIFIER,1,,
50-534552-203,PANEL - UPHOLSTERY INSTALLATION-MAIN ACC,1.5,,
101-364958-0001,PANEL ASSEMBLY,1,,
130-384022-0001,PANEL ASSEMBLY  EDGE-LIGHTED,1,,
452-0020,PANEL ASSEMBLY - ELT REMOTE SWITCH,2,,
132716-3,PANEL ASSEMBLY-EDGE LIGHTED RADIO CALL,1,,
101-384262-0001,PANEL ASSEMBLY-ELECTRO,1,,
101-384268-0001,PANEL ASSEMBLY-ELECTRO,1,,
130-384015-0003,PANEL ASSEMBLY-ELECTRO,1,,
130-384014-0033,PANEL ASSEMBLY-ELECTROLUMINESCENT,1,,
101-364112-605,PANEL ASSEM-TRIM MOTOR  CONTROL,3,,
100-530168-67,PANEL ASSEM-WINDOW INNER,2,,
130-034797-5,PANEL ASSY EDGELIGHTED,2,,
130-384018-0001,PANEL ASSY-ELECTROLUMINESCENT  OVERHEAD,1,,
130-384021-0001,PANEL ASSY-ELECTROLUMINESCENT CIRCUIT BR,1,,
130-384014-0001,PANEL ASSY-ELECTROLUMINESCENT INBD SUBPA,1,,
130-384013-0001,PANEL ASSY-ELECTROLUMINESCENT POWER QUAD,1,,
50-534552-205,PANEL-UPHOLSTERY INSTALLATION-MAIN ACCES,2.5,,
50-534552-207,PANEL-UPHOLSTERY INSTALLATION-MAIN ACCES,2,,
101-530884-1,PANE-WINDOW PANE INNER COCKPIT,1,,
101-530884-3,PANE-WINDOW PANE INNER COCKPIT,1,,
101-531029-179,PARTITION ASSEMBLY,1,,
101-531029-193,PARTITION ASSEMBLY,1,,
90-530130-39,PARTITION ASSEMBLY,1,,
4460102-1,PARTS & INSTRUC KT,2,,
489-58,PARTS KIT - BRAKE CONVERSION,4,,
A6914-1024-1,PATCH KIT,0.5,,
101-364672-1,PC BOARD,1,,
112-364021-5,PC BOARD ASSEMBLY - LOGIC RELAY,1,,
260-1023-29,PIN  POP-UP,1,,
45080-1,PIN BALL - LOK  SINGLE ACTING,1,,
50-440049-11,PIN-ROLLER ASSEMBLY,1.5,,
50-820020,PISTON ASSEMBLY,2,,
50-521151-8,PISTON-FLAP ACTUATOR,2,,
PH502-3,PITOT TUBE,1,,
50-384040-3,PITOT TUBE L.H.,1,,
50-384040-5,PITOT TUBE RH,3,,
117-910060-13,PIVOT PLATE,2,,
300-1402-1,PIVOT PLATE,1,,
117-910060-9,PIVOT PLATE FREON COMPRESSOR,6,,
FL052167PL,PL SPEC. AUTOPILOT INSP,8,,
FL052168PL,PL SPEC. ESIS PERIODIC,1,,
FL052169PL,PL SPEC.ESIS CAP TES,4,,
115098-5,PLACRD BEECHCRAFT,1,,
50-430174-7,PLATE,0.75,,
50-910482-5,PLATE,0.5,,
50-430174-3,PLATE  CABIN DOOR INSPECTION,1,,
50-910482-3,PLATE - ENGINE OIL SERVICE INSTRUCTION,0.5,,
101-531075-14,PLATE ASSEMBLY,0.5,,
101-531075-52,PLATE ASSEMBLY,1,,
101-531075-65,PLATE ASSEMBLY,1,,
101-531080-5,PLATE COVER             HEADLINER,0.5,,
50-910033-3,PLATE-COWLING FASTNER WEAR,1,,
101-384083-1,PLATE-INSTRUCTION  CHAIR AND SHOULDER HA,0.5,,
101-550323-603,PLENUM ASSEMBLY,8,,
101-550323-27,PLENUM ASSEMBLY- AFT EVAPORATOR  INBD,8,,
MS3456KT18-1P,PLUG,2.5,,
101-590107-1,PLUG - BLEED AIR INTAKE SCOOP,1,,
APVL-251411-1-F,POLARIZED WINDOW - FIXED,2,,
APVL-251411-1-F-1,POLARIZED WINDOW - FIXED,2,,
251411-1,POLARIZED WINDOW PANE /HNIR-27/,3,,
251411-3,POLARIZED WINDOW PANE /HNVL-36/,3,,
APVL-251411-3-R-1,POLARIZING WINDOW,1,,
300-0101-103,POSITION 5 SUBKIT - AIR CONDITIONING SYS,0.01,,
RES500,POTENTINMETER  DIM,2,,
26080,POTENTIOMETER,2,,
CM42873,POTENTIOMETER,2,,
8-800-51-033,POWER AMP,0.01,,
101-389035-11,POWER CONT CABLE,12,,
101-389035-9,POWER CONT CABLE,12,,
RR18,POWER CONVERTER  DC TO DC,1,,
101-388005-17,POWER PACK ASSEMBLY,10,,
101-388005-21,POWER PACK ASSEMBLY,10,,
101-388005-11,POWER PACK ASSY,10,,
101-388005-19,POWER PACK ASSY,10,,
100-384118-19,POWER SUPPLY,2,,
6900053-3,POWER SUPPLY,2.5,,
PW6900053-3,POWER SUPPLY,2.5,,
LT-55(C),POWER SUPPLY  5 VOLT TRACKING,1,,
6900053-003,POWER SUPPLY  COLD CATHODE,2.5,,
100-384118-21,POWER SUPPLY  LIGHT ASSEMBLY,3,,
501-1228-03,POWER SUPPLY *RA-N,2,,
622-9462-024,PRESELECTOR/ALERTER,2,,
101-380002-11,PRESSURE SWITCH,3,,
101-384081-3,PRESSURE SWITCH,2.5,,
101-384081-5,PRESSURE SWITCH,2.5,,
101-389004-3,PRESSURE SWITCH,1,,
1203P0005,PRESSURE SWITCH,1,,
90-380002-3,PRESSURE SWITCH,2.5,,
129-384009-1,PRESSURE SWITCH - DEICE  PNEUMATIC,1.5,,
50-389121-15,PRESSURE SWITCH  OIL,2,,
50-389121-19,PRESSURE SWITCH  OIL,2,,
50-389121-29,PRESSURE SWITCH  OIL,2,,
50-389121-31,PRESSURE SWITCH  OIL,1.8,,
50-389121-33,PRESSURE SWITCH  OIL,1,,
50-389121-53,PRESSURE SWITCH  OIL,1,,
JBS2020-7,PRESSURE SWITCH ASSEMBLY,3,,
101-384199-5,PROBE,2.5,,
100-380006-85,PROBE  -  USE -169,5,,
100-380006-113,PROBE FUEL QUANTITY CAPACITANCE TYPE,5,,
100-380006-115,PROBE FUEL QUANTITY CAPACITANCE TYPE,5,,
100-380006-119,PROBE FUEL QUANTITY CAPACITANCE TYPE,5,,
100-380006-143,PROBE FUEL QUANTITY CAPACITANCE TYPE,5,,
100-380006-151,PROBE FUEL QUANTITY CAPACITANCE TYPE,5,,
100-380006-167,PROBE FUEL QUANTITY CAPACITANCE TYPE,5,,
100-380006-81,PROBE FUEL QUANTITY CAPACITANCE TYPE,5,,
100-380006-95,PROBE FUEL QUANTITY CAPACITANCE TYPE,5,,
100-380006-145,PROBE WG,5,,
101-384222-5,PROP AMMETER,1,,
4E2575-10,PROP DEICE BOOT,2.5,,
4E2575-7,PROP DEICE BOOT,2,,
3100024-01,PROP SHAFT SEAL,3,,
101-960026-13,PROPELLER ASSEMBLY,4,,
101-960026-5,PROPELLER ASSEMBLY-REVERSING 4 BLADE,4,,
122FW12-4,PROXIMITY SWITCH,1,,
101-384218-7,PULL CABLE ASSEMBLY-OXYGEN,20,,
117-910059-3,PULLEY-DRIVE FREON COMPRESSOR,2,,
50-524448-3,PUSH ROD ASSEM RUDDER   PEDAL,1.5,,
10012-1,PUSHER ASY BAR DWR,1,,
101-384172-9,QUADRANT REGULATOR,4,,
115-555025-9,QUILL SHAFT,6,,
130-340745-6024,RAD ALT (RCV) COAX,0.01,,
S67-2002-14,RADIO ALTIMETER ANTENNA,2,,
FP5,RADOME BOOT,1,,
SJ8665FP505,RADOME BOOT,1,,
PM-21,RADOME BOOT  KA,1,,
50-380045,RATE OF CLIMB INDICATOR,1,,
101-384079-1,REC DRYER,1,,
101-384079-3,REC DRYER,1,,
90-384019-3,RECEIVER - DRYER & SIGHT GAGE,6,,
101-384079-5,RECEIVER DRYER,1,,
99833-C-098,RECEPTACLE,2,,
AN3115-1,RECEPTACLE,0.6,,
30-1414-1,RECOGNITION LIGHT,1,,
101-531079-7,REFLECTOR,1,,
5734A2,REFRIGERATION VALVE,2,,
101-380027-3,REGULATOR & RELIEF VALVE ASSEMBLY,2,,
101-380027-5,REGULATOR & RELIEF VALVE ASSEMBLY,2,,
2H3-15,REGULATOR VALVE,3,,
100-384074-1,RELAY,1,,
109-381002-1,RELAY,1,,
50-380048-11,RELAY,1,,
6041H190,RELAY,1.5,,
6041H228,RELAY,2,,
6041H279,RELAY,2,,
KC-D2A,RELAY,1,,
KC-J2A,RELAY,1,,
M5757/1-021,RELAY,4,,
MS24166-D1,RELAY,1,,
SM200D11,RELAY,2,,
SM400D5,RELAY,6,,
X-D2N-300M,RELAY,1,,
50-380048-1,RELAY  SEALED,1,,
FC6-250,RELAY 6 POLE DOUBLE THROW,3,,
109-361030-1,RELAY ASSEM-BATTERY BUS TIE RELAY ASSEM,2,,
109-361030-3,RELAY ASSEMBLY - POWER BUS TIE,2,,
LMD-5001-P,RELAY MODULE,2.5,,
90-530034-1,RELIEF TUBE TOILET ASSEM,1,,
SM600BA10A1,REMOTE CONTROL CIRCUIT BREAKER,10,,
SM600BA20N1,REMOTE CONTROL CIRCUIT BREAKER,1,,
50-580039,RESERVOIR ASSY - BRAKES,1,,
504247-403,RESTRAINT SYSTEM ASSY,2,,
130-170032-99 U,RETAINER-WINGLET,4,,
502142-401,RETRACTOR SEATBELT,0.5,,
130-384022-0005,REVERSIONARY PANEL,1,,
000-110133-21,RIB-FAIRING INSTAL      LEADING EDGE,2.75,,
3114352-01,RING,1,,
B3334,RING,2,,
111506-8,RING  COMPOSITION WIPER,3,,
2600SW2,RING  RETAINING,2,,
MS16624-1025,RING  RETAINING  EXTERNAL  BASIC,1,,
3114353-01,RING HALF,1,,
101-910114-99,ROD ASSEM,1,,
002-381003-5,ROD END,2,,
50-440049-7,ROLLER ASSEM,1,,
44A60-10-1-05N,ROTARY SWITCH,3,,
570357,RTRN FILTER SCREEN,2,,
130-380003-3,RUDDER BOOST TRANSMITTER,1,,
101-531018-4,SADDLE ASSEMBLY,1,,
101-531018-6,SADDLE ASSEMBLY,1,,
VP400KHAC,SAFT B-CELL**RA***,1,,
501-1318-01,SC841A STAT CONVTR,3,,
NAS1351C3H32,SCREW  CAP  SOCKET HEAD,0.01,,
MS24694-S4,SCREW  MACHINE  FLAT CSK HEAD 100 DEGREE,0.01,,
002-430008-411,SEAL,2,,
101-384237-7,SEAL,3,,
101-389041-1,SEAL,4,,
101-420126-1,SEAL,3,,
101-910124-27,SEAL,1,,
101-910128-29,SEAL,4,,
131726-3,SEAL,1,,
3022374,SEAL,1,,
3022375,SEAL,1,,
3022376,SEAL,4,,
3114660-01,SEAL,2,,
50-300011-39,SEAL,0.8,,
101-384139-5,SEAL - CABIN WINDOW,8,,
800-515-10,SEAL  INCLUDES METAL RETAINER,1,,
101-420209-0001,SEAL - STORM WINDOW,3,,
101-389036-1,SEAL (3.33FT LONG),1,,
7112FR160T,SEAL ASSY,1,,
50-430061-27,SEAL ASSY  DOOR,2,,
101-910049-85,SEAL LOWER AFT COWLING,2,,
50-430043-293,SEAL TAB-DOOR INSTALLATION MAIN ACCESS,2,,
115-430000-101,SEAL UPPER FUSELAGE,3,,
AC236B1/2 QT,SEALANT *RA-N  MAX36,1,,
PR1425B 1/2,SEALANT 6OZ TUBE*RA-T,1,,
101-384246-1,SEAL-CARGO TEAR DROP STORM & COCKPIT WIN,8,,
101-384246-3,SEAL-CARGO TEAR DROP STORM & COCKPT WIND,8,,
101-384246-5,SEAL-CARGO TEAR DROP STORM & COCKPT WIND,12,,
EC801,SEALER W/ACCEL MIL-S-7502 CL B 1/2,0.01,,
50-410015-121,SEAL-NOSE DOOR COMPT,2,,
50-430182-5,SEAL-THRESHOLD AIR      STAIR DOOR,3,,
101-120108-151,SEAL-UPPER INBD         WING-SKIN INSTL,1,,
190-1057-3,SEAT BACK EMBLEM ASSEMBLY,2,,
101-530604-125,SEAT BELT ASSEM-TO,0.5,,
128-380071-17,SEAT BELT RETRACTOR ASSY,2,,
101-420119-1,SEAT TRACK,2,,
99-384012,SELF LUMINOUS MARKER *RA*,1,,
AYLF50304,SENSE ELEMENT,1.5,,
101-364179-1,SENSOR ASSEMBLY - AMBIENT LIGHT,3,,
101-361143-1,SENSOR ASSEMBLY-OVERCURRENT HALL EFFECT,2,,
101-361143-3,SENSOR ASSEMBLY-OVERCURRENT HALL EFFECT,8,,
101-388008-3,SERVICE VALVE,5,,
1900-7 4-1,SERVO,3.5,,
101-530846-1,SHAFT,1.5,,
117-910058-5,SHAFT,2,,
101-910114-3,SHAFT ASSEMBLY FWD VA,0.5,,
B100393K,SHAFT ASSEMBLY KIT,1,,
101-380150-0001,SHEEPSKIN COVER ASSEMBLY-CREW CHAIR,1.5,,
101-910128-43,SHIELD ASSEM - HEAT ENGINE,4,,
101-820074-1,SHOCK ABSORBER FORK & AXLE ASSEMBLY,3,,
101-910114-115,SHOCK LINK ASSEM,2,,
101-910114-123,SHOCK LINK ASSEMBLY,2,,
101-910114-125,SHOCK LINK ASSEMBLY-VANE CONTROL,1,,
128-380071-85,SHOULDER STRAP,2,,
130-530174-1,SHROUD ASSEMBLY-CABIN CHAIR,1,,
101-531288-1,SHROUD WINDOW AFT       COMPARTMENT,1,,
101-531288-3,SHROUD-WINDOW AFT COMPARTMENT,1,,
101-389015-3,SHUT OFF VALVE,1,,
101-531023-7,SIDE COVER - SEAT  CREW,1,,
101-531129-1,SIGN ASSEMBLY,0.5,,
50-110028-703 U,SKIN ASSEM(UNDRILLED),30,,
101-120020-617,SKIN ASSEMBLY-C.S. TRAILING EDGE,0.01,,
101-160001-23,SKIN-FLAP ASSEM-INBD,32,,
101-160001-7,SKIN-INBD FLAP,2,,
50-110027-15,SKIN-SKIN ASSEM MAIN    SECT ASSEM,1.5,,
A944,SLEEVE,1,,
4E2444-1,SLIP RING ASSY,4.5,,
118077,SMOKE GOGGLE ASSY,1,,
AE95993H,SOCKET,1,,
A507,SOCKET ASSEM LAMP,0.5,,
189894-001,SOLENOID,2,,
189894-002,SOLENOID,2,,
101-380018-5,SOLENOID VALVE,2,,
100-389020-1,SOLENOID VALVE *RA,2,,
3012928,SPACER,0.5,,
101-410095-31,SPARES CONE ASSEMBLY,10,,
4C3Z8FR,SPEAKER,1,,
69A34000,SPEAKER ASSEMBLY,16,,
69A39000,SPEAKER ASSEMBLY SEE 20E11101,16,,
275 SPIGOT,SPIGOT,0.7,,
S-1000-1,SPIGOT,5,,
190-1010-1,SPIGOT ASSY,1,,
10664-1,SPIGOT PREPCO UNIT,1,,
D-5210-1P,SPINNER DOME,1.5,,
115110D19,SPLICE-BUTT USE 43 275 500,1,,
50-410015-7614,SPR DOOR NOSE AVIONICS PARTIAL UNDRILLED,10,,
100942AG0206-136,SPRING  EXTENSION,0.5,,
100942K0124-50,SPRING  EXTENSION,0.5,,
101-430275-1,SPRING  TORSION,1,,
50-440012-380,SPRING MAIN ACCESS DOOR,1.5,,
13083-5,SQUIBB**RA**FIREMARSHALL,2,,
96-950004-151,STACK TUBE ASSEMBLY - EXHAUST SYSTEM,3,,
96-950004-159,STACK TUBE ASSEMBLY - EXHAUST SYSTEM,3,,
501-1197-08,STANDBY ATTITUDE INDICATOR,3,,
101-910152-3,STANDOFF-DETECTOR INSTL FIRE & OVRHEAT E,0.5,,
23085-001,STARTER/GENERATOR,2.5,,
101-810160-3,STATIC DISCHARGER ASSEMBLY,0.5,,
101-810160-17,STATIC DISCHARGER ASSEMBLYLINKED,0.5,,
SS50,STATIC INVERTER,1,,
36-360024-7,STATIC WICK B.D.,0.5,,
MDL-HOF2639,STC M/F BATTERY,4,,
50-430040-43,STEP ASSEMBLY DOOR ASSEMBLY MAIN ACCESS,2,,
MCOC28926-651,STEP ASSEMBLY WITH LIGHT,3,,
50-430040-51,STEP ASSEMBLY-DOOR ASSEMBLY MAIN ACCESS,2,,
50-430040-1,STEP ASSEMBLY-DOOR ASSEMBLY-MAIN ACCESS,3.5,,
130-340494-603,STEREO CABIN COAX ASSY,1,,
101-910119-95,STIFFENER-LOWER COWLING,8,,
101-910119-97,STIFFENER-LOWER COWLING,8,,
50-420083-35,STOP-STORM WINDOW,1,,
101-420189-1,STORM WINDOW,4,,
101-420189-2,STORM WINDOW,4,,
101-420080-5,STORM WINDOW (DRILLED),2,,
101-420080-6,STORM WINDOW (DRILLED),2,,
101-420080-7,STORM WINDOW (UNDRILLED),4,,
101-420080-8,STORM WINDOW (UNDRILLED),4,,
101-420122-609,STORM WINDOW ASSEMBLY - CREW ENCLOSURE,2,,
101-420122-610,STORM WINDOW ASSEMBLY - CREW ENCLOSURE,2,,
99-580109-1,STOW CLIP,0.5,,
101-5041-1 S,STRESS FREE WINDSHIELD INSTL - KIT,12,,
101-5041-3 S,STRESS FREE WINDSHIELD INSTL - KIT,12,,
000-110105-71,STRIP-SEAL-CANT W.S.    99.616 LEADING E,10,,
000-110105-72,STRIP-SEAL-CANT W.S.    99.616 LEADING E,10,,
01-0790028-01,STROBE LIGHT,1,,
A500A-SP28,STROBE LIGHT ASSEMBLY,2,,
A500SP28,STROBE/NAV LIGHT,2.5,,
01-0770024-25,STROBE/NAVLIGHT,2,,
2700-17,STUD ASSEMBLY  1/4-TURN FASTENERS,1,,
1142004-2,STUD ASSEMBLY  FLUSH MOUNTED CAMLOC,1,,
50-430040-27,STUD-STEP DOOR MAIN ACCESS,2,,
101-384133-0003,SUCTION GAUGE,1.5,,
101-531228-16,SUNVISOR ASSEMBLY,1.5,,
101-530651-19,SUNVISOR ASSY,1.5,,
101-531228-15,SUNVISOR ASSY,1.5,,
101-910119-161,SUPPORT ANGLE,6,,
101-530349-3,SUPPORT ASSEMBLY-SUN VISOR INSTALLATION,1,,
101-910119-147,SUPPORT CHANNEL,1,,
100-381006-1,SWITCH,3,,
1322ZMK3,SWITCH,6,,
13AT4S,SWITCH,1.5,,
1EN564-2B,SWITCH,2,,
30-1,SWITCH,0.5,,
30-37,SWITCH,2,,
443461-1-6N,SWITCH,2.5,,
444EN49-6,SWITCH,4,,
601-4300,SWITCH,1,,
7401TZQE,SWITCH,2,,
BZ7RW82255518T,SWITCH,3.5,,
MS24524-23,SWITCH,3.5,,
MS24524-26,SWITCH,3.5,,
MS24658-21L,SWITCH,1.5,,
MS24659-31M,SWITCH,1.8,,
MS25008-1,SWITCH,3,,
P2-110311,SWITCH,1.5,,
V3-1,SWITCH,1.5,,
101-384028-41,SWITCH  BAROMETRIC PRESSURE,2,,
101-384028-43,SWITCH  BAROMETRIC PRESSURE,2,,
404EN1-6,SWITCH - ENCLOSED,2.5,,
132516-P4103,SWITCH - GND COM-ILLUMINATED FOUR POLE,2,,
132516-P2106,SWITCH  ILLUMINATED  4 POLE  (MED/OFF),2,,
101-384028-29,SWITCH  PRESSURE,2,,
101-384028-31,SWITCH  PRESSURE,4,,
101-384028-33,SWITCH  PRESSURE,2,,
624833,SWITCH  PRESSURE  HYD.,2,,
132516-P1105,SWITCH - PROP SYNC ANNUNCIATOR,2,,
309-4301,SWITCH  ROCKER,1.5,,
10648BT1-3,SWITCH (GND COMM PWR),1,,
25ET61S,SWITCH 28VDC,1,,
101-364748-3,SWITCH ASEMM FIREWALL   SHUTOFF,3,,
122-382088-7,SWITCH ASSEM,1,,
101-364748-1,SWITCH ASSEM            FIREWALL SHUTOFF,1.4,,
101-364748-7,SWITCH ASSEM FIREWALL SHUTOFF,1,,
101-364628-3,SWITCH ASSEMBLY,2,,
101-384072-1,SWITCH ASSEMBLY,1,,
101-384072-3,SWITCH ASSEMBLY,2.5,,
101-384028-45,SWITCH ASSEMBLY - BAROMETRIC PRESSURE,4,,
101-384028-47,SWITCH ASSEMBLY - BAROMETRIC PRESSURE,2,,
50-364314-71,SWITCH ASSEMBLY  FLAP,4,,
101-364628-1,SWITCH ASSEMBLY - GEAR POS,2,,
101-384137-3,SWITCH ASSEMBLY - LANDING GEAR CONTROL,4,,
101-384137-7,SWITCH ASSEMBLY - LANDING GEAR CONTROL,3,,
101-364628-9,SWITCH ASSEMBLY - NOSE GEAR  DOWN LOCK,2,,
101-369023-1,SWITCH ASSEMBLY - PROXIMITY,3,,
99-340253-1,SWITCH ASSEMBLY CONTROL WHEEL,1,,
101-555153-1,SWITCH ASSEMBLY/RESET AIR CONDITIONER,1,,
130-384005-1,SWITCH ASSY,2,,
380-700-0848-003,SWITCH ASSY,2,,
39EN6-6,SWITCH ENCLOSED (1900 AIRPLANES ONLY),4,,
122-382088-5,SWITCH LIGHT ASSEM,1,,
122-382170-1,SWITCH LIGHT ASSY,3,,
122-382170-9,SWITCH LIGHT ASSY,0.5,,
351-33790-007,SWITCH LIGHT ASSY,3,,
122-382170-5,SWITCH LIGHT ASSY-EXTINGUISHER DISCHAR,0.5,,
308-607-0843-004,SWITCH LIT L/G DWN,2,,
804-001,SWITCH PANEL,1,,
805-000,SWITCH PANEL,1,,
805-001,SWITCH PANEL,1,,
132516-P4101,SWITCH-ILLUMINATED FOUR POLE SWITCH,1.5,,
101-388010-1,SWIVEL FITTING,1.5,,
2524.001.05-97C,SWIVEL LOCK,1,,
A213796,SYNCHROPHASER CONTROL BOX,1.5,,
130-610000-103,TAB ASSEMBLY -   ELEVATOR,8,,
130-610000-108,TAB ASSEMBLY-ELEVATOR,2,,
101-380118-3,TABLE ASSEMBLY,2,,
101-531510-7,TABLE ASSEMBLY - UPHOLSTERED,2,,
130-380020-1,TABLE ASSY,1,,
130-380020-5 CREP,TABLE LEAF,1,,
50-389057-1,TACH GENERATOR,1.5,,
101-384157-5,TACHOMETER - PROP  ELECTRIC  LIGHTED,0.5,,
101-440017-603 SPR,TAIL CONE ASSEMBLY,1,,
01-0770144-00,TAIL FLOODLIGHT ASSEMBLY,2,,
101-920093-1,TANK ASSY (REFER TO DESIGN DATA 2 NOTES),1,,
17000-311,TANK ASSY TOILET,2.5,,
50-110028-708,TE FLAP UPPER,30,,
100-364295-3,TEMP CONTROLLER,2,,
HYLZ50336-001,TEMP CONTROLLER,4,,
MS28034-1,TEMPERATURE BULB,1,,
5ARM300-6LV,TENSION UNIT,1,,
101-380025-15,THERMISTOR,1,,
C100030-1,THERMISTOR,3,,
300-0751-1,THERMISTOR PROBE ASSEMBLY,2,,
3031682,THERMOCOUPLE,2,,
3034857,THERMOCOUPLE,3,,
20425L97-840-759,THERMOSTAT,4,,
G-714127,THERMOSTAT,2,,
3E1964-3,TIMER,1.5,,
58-380105-1,TIMER,1.5,,
101-610015-12,TIP-ELEVATOR ASSEMBLY,8,,
028-335-3,TIRE,2,,
185F88-6,TIRE 18X5.5 8,2,,
028-630-0,TIRE 18X5.5 PLY8,2.5,,
196K08-9,TIRE 19.5X6.75,2,,
301-361-311,TIRE 19.5X6.75,2.5,,
021-335-1,TIRE 19.5X6.75-8,3,,
061-335-1,TIRE 19.5X6.75-8 ATT 10PLY,2,,
265K08-1,TIRE 22X6.75/10,2,,
301-392-641,TIRE 22X6.75/10,2,,
021-523-0,TIRE 22X6.75-10,2,,
026-524-0,TIRE 22X6.75-10,2.5,,
265F86-4,TIRE 22X6.75-10,2,,
265F86-8,TIRE 22X6.75-10,2,,
301-393-190,TIRE 22X6.75-10,1,,
4460102-2,TOOL,2,,
101-384186-3,TORQUE INDICATOR,1,,
130-380042-5,TORQUE INDICATOR,1,,
130-380003-1,TORQUE TRANSDUCER 0-60 PSID,3.5,,
101-389044-1,TORQUE TRANSMITTER,2,,
101-389044-3,TORQUE TRANSMITTER,2.5,,
130-389002-3,TORQUE TRANSMITTER,1.5,,
400-0125-2000,TRANSCEIVER RT-18D,4,,
101-389003-3,TRANSDUCER,1,,
101-389042-1,TRANSDUCER,0.5,,
559-1,TRANSMITTER,2,,
AN5786-1,TRANSMITTER,1,,
453-0150,TRANSMITTER  ELT110-4(BEECH)*RA-N,1,,
130-389002-1,TRANSMITTER-TORQUE,1.5,,
131823E10D1950,TUBE,2,,
131823E4M1360,TUBE,0.5,,
3040637,TUBE,3,,
101-555139-1,TUBE ASSEM - AIR COND,8,,
100-920041-27,TUBE ASSEM FUEL GRAVITY FEED,3,,
100-920041-28,TUBE ASSEM FUEL GRAVITY FEED,3,,
101-580135-1,TUBE ASSEMBLY,2,,
101-820075-5,TUBE ASSEMBLY - SHOCK,6,,
130-580037-1,TUBE ASSEM-HYD          LDG GEAR,2,,
130-970002-29,TUBE-PNEUMATIC AIR      WINDOW DEFROST,4,,
101-530476-5,TUBE-TOILET PLUMBING,4,,
1/2-2-81-301,TURBINE FLOWMETER,2,,
50-380034-3,TURBINE INDICATOR,1,,
101-380032-3,TURN & SLIP INDICATOR,1.5,,
101-380031-11,TURN & SLIP INDICATOR - 2 IN (LIGHTED),1.5,,
101-380031-3,TURN & SLIP INDICATOR LIGHTED,1.5,,
300-1409-1,TURN BUCKLE ROD END  LH,1,,
100-524119-13,U-JOINT,4,,
DK120,UNDERWATER BEACON,2,,
101-531385-13,UPHOL COVER ASSEMBLY CT S/N REQ D),0.01,,
100-920067-1,VALVE,1,,
1532-10C,VALVE,5,,
24C189,VALVE,6,,
723747,VALVE,2,,
CCA-1550,VALVE,1,,
K4566-3,VALVE,2,,
101-389011-57,VALVE - CHECK,2,,
109-389002-3,VALVE (SEE MPN# 109-389002-9),1,,
101-381012-3,VALVE AIR SHUT OFF,2,,
101-380045-3,VALVE ASSEMBLY,3,,
101-381011-11,VALVE ASSEMBLY,2,,
101-384144-1,VALVE ASSEMBLY,5,,
101-384144-3,VALVE ASSEMBLY,5,,
101-384173-19,VALVE ASSEMBLY,8,,
101-381012-5,VALVE ASSEMBLY - BLEED AIR SHUTOFF,1,,
101-550087-23,VALVE ASSEMBLY - BYPASS  ENVIRONMENTAL B,7.5,,
101-384173-17,VALVE ASSEMBLY - CHECK ENVIRONMENTAL,4.5,,
100-920048-20,VALVE ASSEMBLY  RH,4,,
101-380021-7,VALVE ASSEMBLY SOLENOID,5,,
101-381011-13,VALVE ASSEMBLY-BLEED AIR SHUT OFF,2,,
101-381012-7,VALVE ASSEMBLY-BLEED AIR SHUTOFF,1,,
101-550087-25,VALVE ASSEMBLY-BYPASS ENVIRNMT BLEED AIR,2,,
101-380018-3,VALVE ASSEMBLY-SOLENOID PNEUMATIC SYS,1.5,,
101-380019-1,VALVE ASSEMBLY-SOLNOID  REFRIGERATE12SYS,2,,
100-920048-19,VALVE ASSEM-FUEL S      INSTL,4,,
101-380021-3,VALVE ASSEM-SOLENOID,4,,
101-380018-7,VALVE ASSEM-SOLENOID PNEUMATIC SYSTEM,2,,
101-381000-9,VALVE ASSY,1.5,,
38-617,VALVE ASSY-POWER BRAKE RELAY,2,,
101-384032-7,VALVE ASSY-SHUTOFF OXYGEN,2,,
AR-B3-5-1,VALVE FILTER,0.5,,
129-389000-1,VALVE FUEL CROSS TRANSFER,8,,
847899,VALVE PRS OP CHECK,2,,
390-385036-0009,VALVE-PRESSURE REG. SHUTOFF W/CHECK,5,,
101-910124-29,VANE ASSEM -BYPASS,1.5,,
101-910123-1,VANE ASSEM INLET AIR COWLING,1.5,,
101-910123-21,VANE ASSEM INLET-AIR COWLING,1.5,,
101-910124-43,VANE ASSEMBLY - BYPASS,1.5,,
101-910124-23,VANE ASSEM-BY PASS,1.5,,
101-384176-1,VENTILATING BLOWER ASSEMBLY,5,,
101-380033-1,VERT SPEED INDICATOR,3,,
90-384036,VHF COMM ANTENNA,2.5,,
122-384052-1,VIBRATION ISOLATOR,4,,
AVC0010,VIDEO CONVERTER,2,,
93-A151-30,VOICE RECORDER CONTROL,1,,
101-384233-1,VOLT & AMP INDICATOR,1,,
109-384000-1,VOLTAGE INDICATOR,1,,
275K6,V-RIBBED BELT,2,,
129-910045-1,WASHER,3,,
NAS1149D1416J,WASHER,0.01,,
NAS1515H14,WASHER,0.01,,
MSBS90-500N72A,WAVEGUIDE,10,,
101-555020-5,WELD ASSEM - RECEIVER DRYER,1,,
101-910119-647,WELD ASSEMBLY-COWLING,3,,
101-910062-13,WELD ASSEM-LWR ADAPTER  STARTER GEN,1,,
VO-4026,WHEAT LEATHER,0.01,,
101-8026-1,WHEEL & TIRE ASSY,1,,
101-8001-47,WHEEL ASSEM,2,,
101-8015-3,WHEEL ASSEMBLY,1,,
400-8002-109,WHEEL ASSEMBLY,3,,
101-430183-5,WINDOW,3.5,,
101-420081-9,WINDOW - PILOTS LAMINATED LH,10,,
101-420081-10,WINDOW - PILOTS LAMINATED RH,10,,
101-531056-7,WINDOW ASSEM POLARIZED,3,,
MSA-005-KA1-1650A,WINDOW ASSEMBLY  WITH SHADE,2.5,,
101-420122-51,WINDOW ASSEMBLY L/H,2,,
101-531087-608,WINDOW ASSEMBLY LH,3,,
101-420122-52,WINDOW ASSEMBLY R/H,2,,
101-531087-607,WINDOW ASSEMBLY RH,3,,
101-531598-0007,WINDOW PANE ASSEMBLY,2.5,,
101-420081-5,WINDOW-PILOTS LAMINATED,7,,
101-420081-6,WINDOW-PILOTS LAMINATED,7,,
101-384025-17,WINDSHIELD ASSEMBLY  LH,10,,
101-384025-16,WINDSHIELD ASSEMBLY  RH,12,,
101-384025-18,WINDSHIELD ASSEMBLY  RH,10,,
101-384025-23,WINDSHIELD ASSEMBLY LH,12,,
101-384025-24,WINDSHIELD ASSEMBLY RH,12,,
101-384025-15,WINDSHIELD ASSEMBLY-LH,10,,
101-384025-21,WINDSHIELD LH,12,,
101-384025-22,WINDSHIELD RH,12,,
FL652008,WING BOLT RETORQUE AFTER INITIAL INSTALL,2,,
504279,WIPER SCRAPER  C/R OIL SEAL TYPE,6,,
109-361022-61,WIRE FEED THRU ASSEMBLY - FIREWALL,3,,
3E2017-8,WIRE HARNESS,4.5,,
130-364044-17,WIRE HARNESS ASSEMBLY,1,,
130-364044-18,WIRE HARNESS ASSEMBLY,1,,
130-364044-7,WIRE HARNESS ASSEMBLY,1,,
130-369031-605,WIRE HARNESS-ENGINE,5,,
130-364060-601,WIRING HARNESS INSTL - CABIN,2,,
270-0930-010 YRS65,YRS-65 YAW RATE SE,2,,
